"ID";"YEAR_STA";"WHERE";"REGIOTYP";"BUYPOWER";"CASATYP";"STRTYP";"VAL_TIER";"FAMGROUP";"AGEGROUP";"ANTDT";"ANZHH";"ANZGEW";"CAR_DENS";"CAR_PERF";"PROB_BUS";"PROB_AUT";"PROB_JEE";"TYP1";"TYP2";"TYP3";"TYP4";"TYP5";"TYP6";"TYP7";"TYP8";"TYP9";"PROB_DAILY";"PHARM1";"PHARM2";"PHARM3";"PHARM4";"PHARM5";"PHARM6";"pred_test";"pred_test"
28306;1992;0;11;8;5;1;5;2;4;3;24;1;3;9;0;7;2;7;1;3;7;1;5;3;2;7;2;5;6;2;3;6;2;"0";"0"
241585;1994;0;13;2;1;4;5;5;5;5;2;0;1;2;0;5;0;5;2;7;5;3;1;3;1;1;3;1;6;2;6;1;3;"1";"0"
368506;1996;0;11;7;2;1;9;1;5;8;5;1;3;5;0;3;0;7;5;6;3;7;1;1;1;5;5;1;6;3;7;2;6;"1";"0"
374891;1997;0;13;4;1;1;1;7;4;4;1;0;9;4;6;9;0;4;5;2;5;4;6;5;3;7;7;7;5;5;3;4;2;"1";"1"
321433;1996;0;12;8;2;1;3;3;5;3;3;0;6;8;3;5;0;2;7;5;4;1;1;7;2;2;2;5;2;4;4;1;7;"1";"0"
67934;1992;0;13;3;2;1;4;5;4;7;3;0;4;7;0;6;0;2;3;6;7;4;4;7;6;5;5;5;5;5;4;6;3;"0";"0"
100982;1993;0;15;7;2;1;4;3;4;1;4;0;9;9;6;4;1;7;1;6;7;1;5;6;7;7;5;5;3;4;5;3;7;"0";"0"
36285;1990;0;12;8;2;3;5;6;5;4;3;0;4;8;3;2;2;1;1;7;1;7;4;7;2;1;1;7;4;7;2;1;3;"0";"1"
313436;1996;0;16;5;1;1;9;3;4;1;1;0;5;10;6;7;2;5;6;1;6;1;1;1;7;7;1;1;3;3;7;1;1;"1";"0"
286879;1995;0;15;5;3;2;9;2;2;5;6;1;1;8;0;4;0;5;7;5;3;7;6;2;2;1;8;2;4;1;7;2;2;"1";"0"
355233;1996;0;16;1;1;1;3;6;3;1;1;0;10;3;3;4;2;6;7;2;7;4;6;6;4;4;5;2;4;5;7;3;3;"1";"1"
90140;1993;0;16;2;1;1;1;9;4;4;1;0;10;6;3;4;1;5;7;5;2;7;6;5;4;2;6;2;4;5;7;3;5;"0";"1"
391360;1997;0;11;4;3;1;9;1;4;5;6;0;1;7;6;9;0;4;3;5;1;1;1;4;1;4;3;1;2;5;2;7;4;"0";"0"
376417;1997;0;15;1;1;2;3;8;6;3;1;1;7;6;6;4;1;5;4;6;3;3;5;5;7;1;4;1;4;5;7;3;4;"1";"1"
101065;1992;0;16;8;2;1;8;1;4;9;3;0;8;10;3;9;0;2;3;7;7;3;1;4;3;7;2;2;4;5;5;2;7;"0";"0"
375538;1997;0;11;2;4;1;8;2;4;1;11;0;6;3;6;8;0;6;3;2;5;6;5;5;2;7;2;1;6;1;1;6;2;"0";"0"
343384;1996;0;11;9;5;2;7;2;4;3;18;8;2;10;0;7;3;7;1;6;3;3;2;4;7;7;4;6;1;3;2;1;7;"1";"1"
15507;1993;0;15;5;2;3;2;9;4;7;3;0;5;6;6;1;2;7;7;1;7;1;5;2;2;1;8;2;5;2;7;2;1;"0";"1"
343193;1996;0;11;3;2;1;8;1;3;7;5;0;2;5;0;7;0;1;4;1;3;1;7;2;1;6;2;1;7;5;6;4;2;"1";"0"
302286;1995;0;16;1;1;1;2;9;4;3;1;0;10;3;3;8;1;6;7;1;4;3;3;6;3;4;6;2;4;5;7;3;3;"1";"1"
271047;1995;0;11;8;2;1;9;9;5;6;3;1;6;9;0;6;0;7;6;1;1;7;1;3;1;2;2;6;6;5;2;6;4;"1";"1"
25489;1993;0;14;3;1;1;5;7;3;2;1;0;8;7;6;3;0;1;7;1;6;7;6;1;6;6;1;4;7;2;1;2;2;"0";"1"
317168;1996;0;16;1;1;1;1;8;5;6;1;0;5;7;0;8;3;2;5;4;1;6;6;2;6;2;5;1;4;5;7;3;2;"1";"1"
26343;1977;0;12;8;1;5;1;9;4;7;2;1;2;10;3;2;0;1;1;1;6;7;7;7;1;1;1;7;3;7;1;1;4;"0";"1"
380073;1997;0;15;1;1;1;6;6;4;4;2;0;6;3;3;1;2;6;1;4;4;7;7;3;6;3;8;2;7;6;1;3;5;"0";"1"
371976;1997;0;11;7;3;1;8;1;4;3;8;1;1;1;6;5;0;5;1;2;2;4;7;1;3;3;3;4;4;2;1;7;4;"0";"0"
358102;1996;0;12;8;2;1;6;4;4;8;3;0;10;5;3;3;2;3;4;7;7;6;3;6;5;7;7;7;1;5;1;1;7;"1";"0"
298220;1995;0;12;9;1;1;3;3;5;6;2;0;6;8;0;4;1;5;5;3;7;1;2;7;3;7;8;5;2;5;3;6;3;"1";"0"
370087;1997;0;12;9;1;1;3;6;3;8;2;0;5;9;6;7;0;6;5;4;3;6;6;7;6;3;7;7;4;1;4;7;3;"0";"1"
374963;1997;0;14;3;1;1;7;6;4;9;2;0;7;6;0;9;1;3;3;5;6;3;4;4;4;2;1;3;2;7;5;4;2;"0";"1"
361191;1996;0;13;1;3;1;7;1;5;4;6;0;1;1;6;2;0;6;3;6;2;2;2;1;7;3;7;6;4;4;4;6;1;"1";"0"
371104;1997;0;13;5;2;2;4;6;4;7;3;1;7;8;0;4;3;6;7;5;1;2;2;2;3;1;2;1;7;6;2;1;5;"0";"1"
374177;1997;0;13;1;2;1;4;2;4;8;4;1;5;7;0;2;0;3;5;2;7;2;5;6;3;6;1;5;6;2;6;2;3;"0";"0"
365427;1996;0;13;4;1;1;8;4;5;3;1;0;4;6;0;2;0;6;5;7;6;3;1;5;4;5;2;5;6;3;3;5;3;"1";"0"
294829;1995;0;16;2;1;3;1;9;5;3;1;0;10;10;3;9;0;5;6;5;1;3;4;4;5;2;6;4;4;7;7;2;3;"1";"1"
363174;1996;0;12;7;4;1;9;1;3;1;13;0;10;5;6;9;0;4;1;7;6;1;7;7;4;7;4;5;5;4;6;1;6;"1";"0"
61114;1992;0;15;3;1;1;1;9;5;6;1;0;3;10;6;8;2;1;1;3;7;1;7;5;1;2;6;6;5;7;5;2;1;"0";"1"
72393;1992;0;12;5;2;1;7;7;4;1;2;2;5;9;6;6;1;1;7;1;6;6;6;4;1;2;7;2;2;6;7;1;3;"0";"1"
383831;1997;0;14;5;1;1;2;9;5;5;2;0;9;8;0;5;2;7;7;6;7;5;6;4;1;2;6;6;2;3;6;3;4;"1";"1"
4342;1997;0;15;6;1;1;2;5;4;5;1;0;9;7;3;2;2;2;7;3;6;7;2;5;1;7;6;5;4;2;6;1;2;"0";"0"
332036;1996;0;16;5;1;1;1;7;5;5;1;0;9;3;6;4;2;5;5;6;3;5;2;6;6;3;7;3;1;4;7;2;5;"1";"1"
297140;1995;0;14;2;1;1;2;8;4;3;2;0;10;3;6;6;0;5;4;2;4;4;6;1;4;1;8;4;2;4;7;2;4;"1";"1"
245032;1994;0;12;7;2;1;4;6;4;4;3;0;8;4;0;6;0;1;5;5;1;5;1;7;1;4;8;4;3;5;3;4;6;"0";"1"
217619;1994;0;12;8;1;1;2;7;4;9;1;0;5;8;3;7;1;1;4;1;2;7;7;6;7;5;4;5;4;5;2;6;5;"0";"1"
381117;1997;0;15;3;1;3;5;8;5;9;1;0;10;5;0;8;2;6;6;4;1;6;5;5;1;3;2;5;4;7;6;2;4;"1";"1"
6691;1992;0;12;6;1;1;6;8;3;6;1;0;6;2;3;5;0;5;3;6;6;4;5;5;7;7;8;3;5;4;5;3;2;"0";"1"
349153;1996;0;13;8;1;1;5;6;3;4;1;0;3;8;6;4;2;4;1;1;2;7;2;4;3;7;5;4;3;2;5;6;5;"1";"1"
101976;1987;0;12;1;1;4;2;6;3;1;1;0;10;4;6;7;1;1;1;6;2;1;1;7;6;7;1;1;3;6;4;2;2;"0";"1"
386842;1997;0;12;9;2;3;6;7;5;1;4;1;7;9;3;8;0;2;6;4;7;7;6;1;1;2;7;2;2;4;4;5;2;"1";"1"
338071;1996;0;12;9;2;2;6;5;3;1;4;2;8;6;0;5;1;7;1;7;7;5;6;7;4;2;3;5;6;1;2;7;1;"1";"1"
97997;1993;0;12;9;1;2;3;7;4;9;2;1;7;10;6;3;3;6;1;5;6;2;3;7;1;6;4;5;3;4;5;3;7;"0";"1"
388783;1997;0;11;8;3;1;2;5;4;6;7;1;8;9;0;4;1;7;4;3;6;7;4;4;2;7;2;4;6;3;6;1;4;"0";"0"
44340;1993;0;12;9;5;4;7;1;5;8;23;1;2;3;0;7;0;1;6;4;2;5;1;7;1;1;3;4;4;1;2;7;1;"0";"0"
348886;1996;0;14;7;1;2;5;8;3;1;2;0;10;1;3;8;0;6;7;1;2;7;7;1;1;2;8;4;7;3;4;1;1;"1";"1"
350345;1996;0;12;9;2;3;6;5;4;1;5;0;5;7;6;1;0;7;2;7;7;1;1;7;4;6;1;6;2;7;4;2;7;"1";"0"
294462;1995;0;14;3;1;1;5;4;4;6;1;0;3;7;6;7;3;6;3;3;2;3;3;2;5;1;4;4;2;4;7;2;4;"1";"0"
288457;1995;0;14;2;1;1;7;5;3;6;1;0;3;4;6;5;0;5;1;5;2;2;3;3;2;2;1;1;2;7;7;1;1;"1";"0"
357803;1996;0;13;2;2;1;7;3;5;3;5;0;9;5;3;2;0;6;2;3;4;2;2;4;2;4;3;5;7;2;7;3;2;"1";"0"
103849;1992;0;16;1;2;3;6;4;5;6;5;1;2;1;6;8;2;7;2;2;5;4;4;3;2;4;1;3;7;1;5;1;6;"0";"0"
43821;1993;0;16;1;1;4;9;6;4;5;2;1;10;3;6;7;0;6;6;3;5;6;5;2;3;2;7;1;4;7;6;2;2;"0";"1"
303306;1995;0;11;5;2;3;7;5;4;1;4;0;3;4;3;9;0;2;1;2;5;6;7;6;2;7;8;6;7;3;3;4;1;"1";"0"
42228;1991;0;11;4;1;1;5;6;4;9;2;0;6;2;6;5;0;2;1;3;4;1;4;4;3;6;8;5;5;4;3;5;1;"0";"1"
50710;1992;0;11;4;5;1;9;4;4;3;22;0;3;6;6;6;0;1;6;2;1;6;5;1;1;3;3;5;4;3;2;6;4;"0";"0"
337005;1996;0;14;6;1;1;1;9;6;8;2;0;5;6;0;4;1;6;3;3;7;7;5;6;3;2;7;6;6;4;5;1;1;"1";"1"
271619;1995;0;13;4;2;1;6;8;4;6;3;0;6;6;3;4;0;5;1;1;1;1;3;1;1;4;5;6;7;4;1;4;2;"1";"1"
238698;1994;0;12;3;1;1;7;4;4;5;1;0;10;3;6;5;2;6;1;1;6;1;7;1;5;2;7;3;7;2;1;2;2;"1";"0"
388429;1997;0;13;4;1;1;4;3;4;1;1;0;2;6;6;4;0;7;3;1;1;2;4;5;4;7;7;5;4;4;4;5;2;"0";"0"
393851;1997;0;12;8;2;1;2;8;5;4;3;0;6;10;0;1;0;6;1;6;3;4;6;6;3;2;3;7;4;6;1;1;5;"1";"1"
370037;1997;0;12;9;3;1;6;2;3;4;7;1;6;2;3;8;1;7;5;7;6;1;7;7;7;6;8;5;2;2;2;7;3;"0";"0"
273378;1995;0;16;1;2;1;4;3;3;1;5;0;6;4;6;3;3;7;4;6;6;2;5;3;2;4;8;1;4;7;3;5;2;"1";"0"
391598;1997;0;11;6;3;1;9;4;4;2;8;2;3;4;6;9;0;4;3;6;6;7;7;1;2;7;2;7;6;4;1;2;3;"0";"1"
257205;1995;0;16;1;1;1;2;9;5;7;2;1;9;4;3;5;0;5;4;2;7;1;2;6;3;7;5;2;7;6;1;3;5;"1";"1"
357417;1996;0;11;3;3;1;4;1;6;7;6;0;2;8;3;2;0;5;3;2;2;7;6;1;4;2;3;2;7;4;6;6;4;"1";"0"
24006;1992;0;15;7;2;1;8;4;4;2;5;0;8;4;6;6;0;7;6;6;7;3;1;1;7;2;2;6;2;1;7;4;4;"0";"0"
309815;1995;0;14;5;2;2;6;7;3;6;4;2;9;6;3;4;2;7;5;4;3;3;5;4;5;1;6;5;2;3;7;2;3;"1";"1"
300996;1995;0;11;8;1;2;1;7;6;8;2;1;3;8;3;2;2;7;7;1;6;1;1;1;7;5;2;2;4;3;4;6;5;"1";"1"
352413;1996;0;15;4;2;1;8;2;4;3;3;0;6;2;6;6;0;3;6;6;5;1;7;7;7;3;8;6;5;3;7;1;4;"1";"0"
203033;1994;0;15;6;1;2;3;8;5;8;1;0;8;7;6;4;1;6;7;2;5;3;3;1;2;1;7;7;7;3;4;1;2;"0";"1"
386107;1997;0;16;5;1;3;1;7;5;9;1;3;6;3;6;5;3;2;4;4;1;7;1;1;5;4;2;5;3;1;3;5;5;"1";"1"
384483;1997;0;12;5;1;3;2;9;5;9;1;1;6;3;6;8;1;2;2;3;7;7;7;7;7;6;8;4;4;6;5;2;5;"1";"1"
90046;1990;0;14;3;1;1;1;9;7;6;1;0;10;9;3;9;2;4;6;5;1;5;5;5;6;1;5;4;2;4;7;2;6;"0";"1"
97410;1983;0;16;5;1;1;2;8;5;9;2;0;10;8;6;5;1;7;2;5;2;2;3;7;5;3;5;6;4;3;3;4;5;"0";"1"
368165;1996;0;16;2;1;1;5;9;5;7;1;0;9;6;0;8;3;2;1;1;1;6;1;4;1;6;1;1;7;7;6;2;3;"1";"1"
97562;1993;0;12;9;1;1;4;2;4;7;2;0;6;5;3;5;0;1;7;4;3;1;6;7;2;6;5;1;2;4;2;3;7;"0";"0"
348541;1996;0;16;1;1;1;1;2;4;4;1;0;3;1;3;9;0;5;3;3;1;7;6;1;5;5;8;1;4;5;7;2;3;"1";"0"
100912;1967;0;12;8;1;5;1;8;5;6;2;0;5;10;3;5;3;4;1;7;7;7;2;1;1;1;8;5;2;3;5;3;3;"0";"1"
388573;1997;0;14;7;1;1;1;2;6;8;1;0;10;4;3;3;1;3;5;7;7;6;4;6;7;4;3;6;4;6;3;2;3;"0";"0"
260211;1995;0;12;7;2;3;5;9;5;3;2;2;8;5;3;2;2;1;1;1;7;7;1;7;3;1;4;5;1;4;4;1;7;"1";"1"
378424;1997;0;15;4;1;1;2;4;5;9;2;0;8;7;6;6;3;3;4;3;5;7;3;6;2;7;6;6;7;2;5;1;1;"0";"0"
392999;1997;0;13;6;1;1;6;2;5;6;1;0;10;5;3;6;0;1;5;6;7;6;2;4;2;6;7;6;5;2;2;6;4;"0";"0"
390266;1997;0;16;3;2;2;5;6;4;3;3;0;5;6;6;7;2;2;5;1;1;7;7;1;1;1;7;2;2;7;7;2;3;"0";"1"
93828;1990;0;11;4;4;3;8;1;5;8;14;0;2;7;3;7;0;7;5;3;5;3;6;2;2;7;1;3;7;3;6;1;4;"0";"0"
393887;1997;0;13;5;1;1;1;9;4;8;1;0;4;4;3;2;0;6;7;3;7;3;2;4;7;3;1;1;7;6;3;1;3;"1";"1"
8487;1983;0;16;1;2;1;9;6;4;7;2;2;8;5;6;2;2;4;2;2;1;7;1;2;5;2;8;2;3;5;5;3;5;"0";"1"
229096;1994;0;16;1;1;1;4;6;5;9;2;0;7;3;6;2;2;7;6;4;5;4;1;4;3;4;7;2;4;7;3;3;1;"1";"1"
353918;1996;0;12;1;2;1;5;4;5;2;4;0;4;1;3;3;0;4;2;1;5;3;7;1;3;3;7;2;6;1;7;4;3;"1";"0"
327068;1996;0;14;1;1;1;2;3;5;7;2;0;7;8;3;3;0;7;5;4;6;1;1;3;5;6;3;6;7;6;1;3;3;"1";"0"
32231;1992;0;11;4;2;1;8;1;4;2;4;1;2;8;6;9;0;2;1;3;6;2;6;6;1;6;3;5;7;2;2;4;1;"0";"0"
62490;1900;0;12;6;1;3;7;6;6;4;1;0;10;2;6;6;3;5;7;5;5;7;7;6;4;2;4;1;5;6;5;5;3;"0";"1"
357489;1996;0;12;4;3;1;5;5;4;1;5;2;5;9;3;6;1;1;2;6;6;4;2;5;5;5;2;3;7;7;6;3;1;"1";"1"
241580;1994;0;16;5;2;1;9;8;4;7;3;0;7;1;6;7;2;1;7;5;7;2;1;2;2;4;5;2;3;7;2;6;4;"1";"1"
380070;1997;0;16;8;2;1;9;7;4;6;3;1;9;4;6;5;1;7;3;4;7;4;5;7;2;6;2;2;4;6;1;6;6;"1";"1"
334408;1996;0;12;9;2;1;6;1;3;4;4;0;5;8;3;2;0;4;7;7;7;2;5;1;1;2;5;2;7;5;1;4;7;"1";"0"
359561;1996;0;16;3;1;3;2;8;4;6;1;0;4;9;3;5;2;4;1;6;7;7;1;4;5;7;7;2;3;3;6;5;6;"1";"1"
254147;1994;0;11;9;4;1;6;5;4;3;10;1;10;7;6;9;1;3;2;2;5;2;7;4;7;7;2;6;5;4;3;5;5;"0";"0"
263487;1995;0;11;9;3;3;7;1;3;2;9;1;5;9;0;4;2;5;4;5;7;6;7;2;7;5;4;5;1;4;3;7;7;"1";"0"
337484;1996;0;16;6;1;1;2;6;5;8;2;0;3;7;6;4;3;4;3;7;1;6;2;6;7;5;8;3;1;3;7;2;5;"1";"1"
301642;1995;0;11;5;2;1;5;8;3;4;4;1;6;7;0;6;0;4;2;2;3;6;5;2;5;5;2;2;6;2;6;5;2;"1";"1"
75374;1982;0;11;4;2;1;1;8;5;5;3;0;7;9;6;1;1;1;4;5;3;2;1;5;6;4;7;5;3;1;5;1;5;"0";"1"
334865;1996;0;14;1;1;1;2;9;6;5;2;0;9;3;3;9;1;3;7;5;1;5;1;1;5;3;8;5;6;5;1;6;6;"1";"1"
56313;1900;0;13;5;2;1;4;3;5;6;3;0;3;1;0;5;0;2;3;1;6;1;1;5;2;5;6;1;4;1;4;6;6;"0";"0"
380271;1997;0;12;8;1;1;1;8;5;9;1;0;10;8;6;3;2;5;2;2;6;4;4;7;3;5;5;6;1;5;4;4;7;"1";"1"
296124;1995;0;11;3;2;1;6;5;4;2;4;0;4;7;6;2;0;4;1;7;1;3;5;4;5;3;3;3;6;2;5;3;3;"1";"0"
11309;1973;0;16;5;1;1;7;9;5;6;1;0;8;6;6;4;2;1;5;7;7;5;2;5;5;2;3;3;7;7;1;4;2;"0";"1"
243796;1994;0;12;7;1;4;3;7;4;8;2;0;9;9;6;7;2;5;2;5;4;2;6;5;7;5;1;1;5;5;1;7;1;"0";"1"
361683;1996;0;11;4;1;1;6;5;5;9;2;0;5;6;6;5;0;6;5;1;1;2;5;1;5;6;7;4;6;2;5;4;2;"1";"0"
299026;1995;0;11;4;2;1;8;4;4;5;3;1;5;2;0;1;0;2;1;3;3;7;2;1;6;6;5;6;5;4;7;4;3;"1";"0"
15895;1993;0;15;2;1;1;2;7;5;8;2;0;9;7;0;6;0;7;1;6;4;2;1;1;2;3;2;1;4;6;7;2;2;"0";"1"
293945;1995;0;11;4;3;3;7;2;4;6;8;0;3;4;3;6;3;1;5;6;7;7;4;4;7;6;4;4;3;3;6;6;3;"1";"0"
26818;1992;0;12;9;1;3;2;7;5;4;2;0;7;10;0;7;3;4;3;7;5;1;1;7;1;3;5;1;1;5;3;4;7;"0";"1"
100907;1966;0;12;7;1;1;5;5;4;4;1;0;5;8;0;2;0;3;7;5;6;4;4;7;3;5;8;7;1;5;3;1;7;"0";"0"
51816;1993;0;12;5;1;4;5;7;5;9;1;1;7;10;3;5;2;1;3;4;7;1;1;2;1;1;4;1;4;5;3;5;3;"0";"1"
381271;1997;0;14;6;2;1;3;7;4;7;4;0;8;7;0;3;0;7;6;7;7;2;6;1;5;3;8;6;1;2;5;4;6;"1";"1"
370571;1997;0;16;4;1;1;1;5;5;4;1;0;10;3;6;6;2;4;5;6;1;2;3;3;5;3;7;6;3;6;5;3;3;"0";"0"
103939;1984;0;12;4;1;1;4;2;5;6;1;0;8;9;0;4;2;5;3;7;7;7;1;7;7;5;8;1;6;3;5;5;2;"0";"0"
99110;1973;0;16;3;1;1;2;6;5;5;1;0;10;4;6;5;0;7;1;2;1;1;5;1;7;3;7;5;4;3;3;4;5;"0";"1"
41869;1992;0;11;4;1;1;4;6;5;9;1;0;8;2;6;2;0;2;5;1;2;4;4;5;3;6;6;7;5;3;3;4;2;"0";"1"
383348;1997;0;14;6;1;3;3;9;3;5;1;0;7;4;6;2;0;1;4;6;4;6;7;5;3;3;6;2;2;7;7;6;3;"1";"1"
247422;1994;0;12;7;1;2;3;8;4;5;1;0;7;8;6;4;3;1;7;3;7;1;3;7;1;6;7;3;7;5;2;3;3;"0";"1"
338344;1996;0;12;9;5;1;9;8;3;2;42;5;1;7;3;9;0;7;5;7;7;3;4;7;1;7;1;7;7;5;1;1;4;"1";"1"
18746;1990;0;11;4;3;1;8;5;4;1;6;0;2;3;3;8;0;3;1;1;2;2;6;3;1;7;2;5;3;1;4;6;4;"0";"0"
24824;1982;0;16;5;1;1;3;9;6;8;1;0;10;3;6;4;1;6;1;6;1;2;2;1;7;2;5;1;7;6;1;6;6;"0";"1"
374049;1997;0;12;7;1;1;4;8;3;9;2;1;9;5;3;6;2;6;5;5;6;2;4;7;1;5;7;2;2;4;3;6;6;"1";"1"
33102;1981;0;15;2;1;2;1;1;5;6;1;0;9;5;6;4;3;3;4;5;4;4;4;5;4;1;2;6;7;1;6;2;3;"0";"0"
385869;1997;0;11;8;1;3;2;8;5;8;1;0;4;9;3;5;0;2;4;1;1;4;5;3;3;6;5;2;5;4;4;5;1;"1";"1"
384592;1997;0;13;5;2;1;5;4;5;3;5;0;10;8;0;8;0;7;6;1;6;1;6;1;7;6;2;5;1;5;5;7;6;"0";"0"
102457;1988;0;15;4;1;1;3;2;6;8;2;0;3;2;6;6;0;6;7;1;3;7;7;3;2;6;5;1;7;2;6;1;4;"0";"0"
266983;1995;0;13;5;4;1;8;2;5;3;15;0;8;4;3;5;2;7;6;4;7;1;1;3;6;7;7;7;3;5;5;5;4;"1";"0"
391240;1997;0;16;2;1;2;2;9;6;6;1;0;10;8;3;8;3;3;7;3;4;7;2;2;2;2;1;2;7;5;1;5;5;"1";"1"
249403;1994;0;15;1;1;1;5;9;3;5;1;0;6;4;6;5;2;5;5;1;3;2;7;2;3;5;8;5;4;7;6;3;3;"0";"1"
387620;1997;0;12;5;1;1;2;8;4;7;2;0;10;9;6;1;1;7;5;3;4;6;7;7;7;3;6;4;5;3;6;2;2;"1";"1"
378850;1997;0;12;6;3;1;7;2;5;4;6;0;4;1;6;5;0;6;1;6;3;1;6;3;1;1;1;4;7;5;1;6;1;"0";"0"
43100;1991;0;11;2;1;1;7;5;3;1;1;0;10;5;6;3;3;6;1;1;1;6;1;1;1;2;2;1;6;2;5;3;3;"0";"0"
44504;1990;0;11;9;1;1;2;6;5;9;1;0;8;8;6;3;2;6;1;1;6;1;2;2;1;4;3;6;2;1;2;7;3;"0";"1"
99511;1985;0;16;4;1;1;2;8;3;4;1;0;5;4;6;5;2;4;7;3;7;7;3;7;5;6;7;6;3;2;5;5;5;"0";"1"
48843;1975;0;16;4;1;1;2;6;6;4;1;0;9;2;0;5;0;4;1;6;1;7;7;4;2;2;4;3;2;7;5;5;5;"0";"1"
380545;1997;0;16;3;2;1;9;4;3;2;4;1;10;4;3;6;0;7;3;1;1;4;7;7;1;6;1;1;7;6;6;3;1;"0";"0"
48676;1992;0;15;6;0;4;5;8;6;4;2;3;6;6;0;8;0;2;6;6;1;3;6;5;3;2;3;5;7;7;5;5;1;"0";"1"
45724;1987;0;11;2;3;1;3;2;5;2;6;0;3;9;0;5;3;3;5;6;6;5;1;3;6;5;4;1;4;5;4;7;4;"0";"0"
363452;1996;0;16;2;1;4;4;9;4;7;1;0;3;10;0;6;0;2;5;1;6;7;5;7;2;7;8;5;4;5;7;2;1;"1";"1"
250768;1994;0;15;4;1;1;1;9;4;9;2;0;9;2;6;4;2;3;2;3;1;1;5;6;1;2;2;5;3;7;5;6;3;"1";"1"
97992;1990;0;15;6;2;3;9;5;3;2;4;3;10;8;0;6;2;7;1;2;6;1;5;7;2;3;1;6;4;3;7;3;4;"0";"1"
9620;1992;0;16;3;0;4;2;8;5;7;0;1;10;9;6;8;3;5;1;1;1;1;7;7;1;6;7;4;4;3;4;3;4;"0";"1"
271170;1995;0;15;4;1;1;3;1;5;7;2;0;8;9;3;3;0;4;3;5;3;4;5;3;1;1;4;1;7;5;3;1;3;"1";"0"
381810;1997;0;11;6;1;4;1;7;6;9;1;2;4;7;6;3;0;4;2;6;7;7;1;2;4;7;1;6;6;2;4;5;1;"1";"1"
55992;1986;0;14;2;1;1;5;4;5;7;1;0;7;4;0;9;2;1;6;1;1;7;3;5;3;2;1;2;6;2;6;1;4;"0";"0"
256891;1995;0;15;1;1;1;6;6;4;7;2;0;6;4;3;5;3;6;1;2;2;4;2;1;3;2;1;1;7;6;6;2;5;"1";"1"
391106;1997;0;11;3;3;1;5;2;5;5;6;0;2;8;3;2;0;5;4;7;7;5;5;7;6;7;8;4;6;2;7;6;1;"0";"0"
312632;1996;0;12;6;3;1;7;3;4;9;8;0;7;8;3;4;2;7;3;5;5;4;6;6;5;3;3;1;3;5;4;7;4;"1";"0"
373591;1997;0;12;9;5;1;5;1;5;3;29;2;7;8;6;2;1;4;1;1;4;3;7;1;1;2;1;6;3;4;4;1;7;"0";"1"
217107;1994;0;11;6;1;3;3;7;6;8;1;0;9;9;6;3;1;3;4;3;4;7;3;4;4;5;5;1;4;5;1;5;4;"0";"1"
102461;1991;0;13;6;1;1;4;7;3;3;1;0;4;9;6;3;0;5;4;2;6;2;2;5;2;5;8;2;5;2;2;3;5;"0";"1"
242352;1994;0;14;4;1;1;4;6;5;9;1;0;5;2;0;8;0;4;1;4;4;3;6;2;4;2;7;2;6;6;1;4;5;"1";"1"
256637;1995;0;15;5;1;1;7;8;5;8;1;0;7;6;0;4;1;2;6;4;6;1;1;6;1;4;5;4;7;6;6;4;3;"1";"1"
357510;1996;0;12;8;1;4;4;5;4;7;1;0;10;7;6;9;0;1;1;2;6;5;4;7;7;2;6;5;2;7;4;3;7;"1";"0"
51872;1993;0;12;9;2;3;8;9;3;6;4;1;4;7;3;4;0;5;7;5;7;3;7;7;7;6;2;4;1;5;4;7;1;"0";"1"
337169;1996;0;14;7;1;1;5;4;4;1;1;0;4;5;0;2;1;7;6;4;1;1;4;3;7;2;5;1;7;6;3;6;4;"1";"0"
388139;1997;0;15;5;2;1;8;3;5;6;3;0;2;5;3;9;2;5;4;3;1;7;7;1;1;3;7;3;7;6;2;2;1;"0";"0"
45800;1993;0;14;7;1;3;3;8;4;3;2;1;8;8;6;1;2;5;6;4;6;2;2;6;5;6;8;6;2;5;4;6;3;"0";"1"
8599;1988;0;15;6;2;1;2;5;3;5;3;0;8;4;3;2;1;4;7;6;3;7;2;5;1;5;6;6;4;2;6;2;4;"0";"0"
67306;1983;0;13;3;1;1;8;7;4;9;1;0;6;8;3;2;0;3;1;1;3;2;3;1;2;6;2;4;5;1;2;6;5;"0";"1"
267610;1995;0;16;1;2;4;8;7;6;6;4;0;2;5;6;8;0;4;3;4;5;6;3;4;4;3;6;1;3;7;1;4;3;"1";"1"
386910;1997;0;16;1;1;3;9;4;3;1;1;0;10;8;6;7;2;5;6;1;7;5;3;7;2;6;1;2;7;6;1;4;6;"0";"0"
275752;1995;0;11;2;1;1;4;2;4;4;2;0;2;3;6;5;0;4;1;2;4;4;5;2;3;6;2;5;6;3;4;3;2;"1";"0"
251803;1994;0;15;3;1;4;1;2;5;5;1;0;6;6;3;4;2;3;4;1;2;7;7;5;7;3;4;1;7;6;3;3;2;"0";"0"
287028;1995;0;16;8;3;3;8;2;4;6;9;0;7;9;0;3;0;6;4;6;7;4;2;5;7;4;7;7;1;1;2;3;6;"1";"0"
307691;1995;0;12;4;1;1;2;3;5;4;1;0;10;4;6;4;0;4;5;7;7;3;4;2;6;6;8;3;5;7;6;6;4;"1";"0"
330604;1996;0;15;5;1;1;2;9;5;7;2;0;5;4;6;6;0;6;1;6;1;1;3;2;6;2;8;7;4;3;4;2;3;"1";"1"
338154;1996;0;15;5;1;1;4;2;5;3;2;0;6;5;0;3;0;6;5;2;1;3;5;2;5;3;2;1;6;6;3;5;2;"1";"0"
322087;1996;0;16;1;1;2;7;5;4;5;1;0;10;6;6;3;1;1;7;1;2;6;7;4;3;5;7;4;4;5;7;3;1;"1";"0"
286990;1995;0;12;8;5;1;7;4;4;2;61;3;10;10;6;4;1;7;1;7;4;1;7;6;1;7;5;6;2;4;4;1;7;"1";"1"
368932;1997;0;16;6;3;1;8;2;3;4;6;0;10;6;0;7;0;7;1;7;6;4;7;6;1;7;1;2;4;5;4;3;6;"0";"0"
320248;1996;0;15;6;1;1;3;9;5;8;2;0;5;10;3;1;0;2;3;7;4;5;2;3;1;2;2;5;1;6;5;4;2;"1";"1"
285952;1995;0;15;2;3;2;5;3;5;2;5;8;5;2;3;4;0;1;7;1;1;1;7;1;1;1;3;6;7;2;6;1;5;"1";"1"
370162;1997;0;14;2;1;3;1;4;3;9;1;0;9;2;6;8;0;1;7;7;7;7;4;7;6;6;1;5;2;7;7;3;1;"0";"0"
279557;1995;0;11;3;1;1;5;3;3;8;2;0;7;3;3;8;0;3;1;1;6;1;3;4;3;5;5;4;6;2;6;3;3;"1";"0"
38127;1976;0;14;1;1;1;1;7;3;2;1;0;10;6;3;5;2;4;5;2;4;3;2;5;2;3;1;2;2;7;7;1;2;"0";"1"
95118;1977;0;11;5;3;1;6;3;4;3;8;2;3;5;0;9;0;6;2;5;4;4;6;4;7;4;3;2;2;5;5;7;6;"0";"1"
28207;1989;0;12;9;1;1;3;9;4;2;2;0;9;9;3;4;1;3;1;7;4;2;1;5;3;5;4;3;4;1;3;6;4;"0";"1"
9492;1992;0;15;6;1;2;2;6;4;7;2;1;4;5;6;7;3;5;4;5;2;4;6;4;3;1;8;5;1;2;5;1;5;"0";"1"
345682;1996;0;16;3;1;1;6;4;5;3;1;0;9;7;0;6;0;4;7;2;4;4;6;6;6;3;1;2;7;6;2;1;2;"1";"0"
13589;1989;0;11;3;1;1;1;7;4;9;1;0;6;10;3;1;0;6;2;4;2;6;7;6;7;5;3;6;3;4;7;4;1;"0";"1"
334194;1996;0;12;3;1;1;7;5;3;1;2;0;6;3;0;3;2;3;7;6;6;5;1;4;5;5;5;5;2;5;6;5;4;"1";"0"
378408;1997;0;15;2;1;1;2;7;5;8;2;1;8;5;6;7;1;4;7;2;1;2;1;6;4;1;2;2;7;1;6;1;4;"1";"1"
348386;1996;0;12;8;2;1;6;4;4;4;3;0;10;9;0;4;0;6;6;4;7;2;7;7;2;7;5;5;3;4;4;3;7;"1";"0"
381226;1997;0;14;8;1;1;2;5;4;2;1;0;8;5;6;1;3;4;5;7;6;4;5;3;4;3;4;5;1;5;6;6;6;"0";"0"
328561;1996;0;14;2;2;1;9;8;3;7;5;1;8;4;6;5;0;7;1;2;4;7;7;6;3;6;1;1;7;6;1;6;5;"1";"1"
388138;1997;0;14;6;1;3;6;4;4;1;1;0;8;3;3;1;3;4;1;1;1;1;7;1;4;1;4;1;7;6;4;3;2;"0";"0"
390442;1997;0;14;4;1;4;2;7;5;6;2;0;8;8;6;8;0;6;1;3;7;1;5;3;5;4;1;1;6;2;1;3;6;"1";"1"
335378;1996;0;12;9;3;1;5;6;4;6;8;1;6;5;6;1;0;2;1;4;7;6;4;3;1;2;2;7;1;6;1;5;3;"1";"1"
380099;1997;0;12;6;1;1;1;6;5;8;1;0;6;1;3;2;0;5;6;6;4;4;6;7;6;4;3;7;3;6;1;1;3;"0";"1"
45709;1971;0;11;9;3;3;5;3;5;7;6;0;5;8;6;3;2;6;1;6;7;1;2;7;6;6;3;3;1;4;2;7;4;"0";"0"
97179;1993;0;14;8;1;1;1;8;5;8;1;0;10;8;0;5;1;4;5;4;7;3;1;6;5;5;6;7;1;2;4;3;5;"0";"1"
60648;1973;0;15;6;2;1;3;4;6;6;5;0;4;3;0;8;0;6;5;3;5;1;1;6;2;1;2;5;4;6;5;6;5;"0";"0"
316142;1996;0;14;6;1;2;2;8;5;4;1;0;9;4;6;8;3;3;1;6;7;7;7;2;1;5;4;2;7;6;6;3;1;"1";"1"
373775;1997;0;16;2;1;1;6;6;5;6;1;0;7;9;3;5;0;4;1;4;3;1;1;2;6;2;8;1;4;6;7;2;4;"0";"1"
374178;1997;0;14;8;1;2;4;4;5;2;2;0;7;10;6;3;2;5;7;6;6;5;3;6;7;3;6;5;2;1;6;3;2;"0";"0"
61658;1977;0;16;2;1;1;3;7;4;9;1;0;8;5;3;3;0;4;3;1;7;4;4;2;1;5;6;3;4;7;5;4;2;"0";"1"
93050;1992;0;11;5;2;3;9;1;4;4;5;1;2;6;0;9;0;2;1;1;6;1;1;5;5;7;4;1;7;3;6;2;5;"0";"0"
277294;1995;0;16;2;1;4;4;4;4;1;1;0;6;7;6;5;3;7;5;4;2;3;2;3;7;1;1;2;6;5;1;2;5;"1";"0"
47645;1988;0;12;2;2;3;3;9;5;8;2;2;8;4;6;6;2;6;1;7;7;2;5;6;5;7;1;3;7;7;1;4;4;"0";"1"
95275;1984;0;12;8;2;1;5;2;4;6;5;0;2;9;3;1;0;2;5;2;4;3;1;7;3;3;3;5;1;5;1;4;7;"0";"0"
322143;1996;0;15;2;1;1;1;4;6;3;2;0;1;2;6;8;0;4;7;3;1;1;7;7;2;3;2;3;1;7;5;1;1;"1";"0"
280793;1995;0;14;5;4;1;8;3;4;1;17;1;9;7;6;5;2;7;4;4;2;6;4;2;1;6;1;3;7;2;7;2;3;"1";"0"
292673;1995;0;12;6;2;1;5;8;4;6;3;0;6;6;6;2;2;4;7;5;6;3;2;7;5;5;1;4;3;5;4;5;5;"1";"1"
22397;1991;0;16;1;1;1;1;7;5;7;1;0;10;3;6;7;2;4;7;3;2;4;6;7;4;2;2;1;4;5;7;5;1;"0";"1"
377467;1997;0;15;3;1;5;9;8;4;7;2;0;6;3;6;6;2;5;7;1;1;7;1;1;1;1;4;6;7;2;5;1;1;"1";"1"
388354;1997;0;16;5;1;1;3;7;5;9;2;0;5;3;6;8;0;6;5;4;3;3;7;1;4;4;7;3;3;7;2;4;4;"1";"1"
209791;1994;0;11;8;1;1;1;8;4;6;1;0;8;5;6;1;0;2;4;4;5;6;5;3;5;4;7;7;1;5;2;3;4;"0";"1"
361725;1996;0;15;7;1;1;5;5;4;7;1;0;5;4;3;7;2;6;2;6;3;7;3;6;1;2;4;3;7;6;3;5;4;"1";"0"
22391;1990;0;16;1;1;3;2;1;3;5;1;1;10;5;3;8;2;2;7;1;3;7;1;6;6;7;1;3;4;5;7;3;1;"0";"0"
365971;1996;0;13;5;3;1;8;3;4;2;7;2;5;3;0;8;0;3;4;3;1;4;1;3;3;3;8;6;7;4;6;5;2;"1";"1"
322452;1996;0;13;2;1;1;1;2;4;4;2;0;8;6;0;5;2;7;3;4;3;1;1;6;4;2;1;2;6;5;1;2;6;"1";"0"
40183;1992;0;12;8;2;1;7;3;3;1;3;0;9;7;6;2;0;2;5;4;6;6;5;7;4;4;8;2;1;5;4;4;7;"0";"0"
327353;1996;0;16;1;1;1;3;5;5;6;2;0;10;4;3;4;0;2;6;6;4;1;5;1;5;5;6;1;4;5;7;3;5;"1";"0"
50323;1991;0;11;4;1;3;2;9;4;4;1;1;5;10;3;7;0;3;1;2;5;2;2;1;7;6;2;1;6;2;5;7;1;"0";"1"
393403;1997;0;12;9;3;1;5;1;4;7;8;1;7;6;0;3;3;6;2;7;6;3;5;7;1;1;8;5;1;2;1;7;4;"0";"0"
34226;1988;0;15;4;1;1;2;6;5;4;2;0;7;6;3;8;0;3;5;2;4;3;6;3;4;4;6;7;7;2;6;1;3;"0";"1"
94810;1991;0;11;4;3;1;9;5;4;7;6;1;6;10;0;8;2;2;4;3;4;5;6;4;7;6;5;5;2;4;5;7;6;"0";"0"
367455;1996;0;11;3;4;1;9;5;3;1;11;0;2;2;6;9;0;1;3;3;4;5;3;2;5;7;8;6;7;4;2;3;2;"1";"0"
380041;1997;0;15;3;2;4;6;9;6;8;3;2;3;6;6;4;0;1;7;1;1;1;2;7;5;1;5;6;7;2;6;2;1;"1";"1"
374085;1997;0;16;1;1;3;6;9;4;5;2;0;10;2;6;5;1;6;2;2;6;6;5;6;3;3;7;2;3;7;1;4;2;"1";"1"
394059;1997;0;14;7;3;3;8;5;3;1;6;0;8;4;6;2;1;2;7;4;5;7;6;6;2;1;8;5;3;6;4;7;3;"0";"0"
362955;1996;0;14;7;1;1;2;9;5;8;1;0;6;6;6;6;1;2;3;2;6;3;1;6;5;5;6;6;1;2;4;3;6;"1";"1"
340485;1996;0;16;3;3;1;6;7;5;6;8;1;7;8;0;6;3;7;4;1;4;6;7;5;3;2;5;3;2;4;7;6;4;"1";"1"
247499;1994;0;12;4;1;1;4;8;4;8;2;0;4;1;3;4;2;2;1;7;7;1;1;5;1;6;8;3;7;3;6;1;4;"1";"1"
33100;1979;0;16;1;2;1;8;3;3;9;3;0;4;7;3;6;0;7;1;3;3;3;5;1;3;6;6;1;7;6;1;3;6;"0";"0"
45064;1990;0;12;9;1;3;3;9;4;6;1;0;6;8;6;7;0;6;3;7;4;6;4;7;3;7;6;7;4;1;4;7;3;"0";"1"
361002;1996;0;13;8;1;1;1;7;7;6;2;0;6;5;6;1;1;4;4;2;3;2;1;4;7;4;7;7;7;4;2;4;5;"1";"1"
100901;1968;0;13;6;1;1;2;3;6;6;1;0;7;8;6;2;0;4;7;2;1;4;3;3;7;2;5;2;1;5;7;1;3;"0";"0"
346167;1996;0;14;2;1;1;7;6;5;4;2;0;7;7;3;3;3;1;4;7;1;1;1;6;5;1;2;1;6;6;1;2;5;"1";"1"
337194;1996;0;15;8;1;1;6;9;5;5;1;0;3;7;3;6;2;6;7;3;4;7;7;1;1;1;5;1;7;5;3;5;3;"1";"1"
315531;1996;0;16;4;1;1;7;6;4;2;1;0;5;3;6;7;0;6;6;1;7;1;1;1;5;4;6;2;4;7;2;4;1;"1";"1"
346946;1996;0;16;2;1;1;1;8;5;5;2;0;8;4;6;8;3;5;5;1;1;6;3;7;5;5;8;1;4;5;7;3;4;"1";"1"
264559;1995;0;15;8;2;1;9;9;3;3;4;0;9;6;6;7;3;3;1;3;3;4;5;6;3;1;7;1;7;6;6;2;4;"1";"1"
104423;1986;0;11;9;4;1;8;1;4;2;13;2;4;5;0;5;0;1;4;7;7;5;4;6;7;7;3;6;1;3;3;1;7;"0";"1"
42775;1989;0;11;3;2;1;2;5;5;8;3;0;2;6;6;7;0;4;4;2;1;6;5;1;4;5;7;5;4;4;3;7;4;"0";"0"
369971;1997;0;15;2;1;1;1;8;4;7;1;0;5;6;6;5;1;2;5;6;4;4;5;5;3;4;5;1;7;1;6;1;6;"1";"1"
61093;1990;0;11;2;1;1;4;5;5;1;1;0;5;5;6;2;0;5;1;1;7;5;2;1;5;4;4;5;6;3;4;5;3;"0";"0"
242341;1994;0;11;8;2;4;7;1;5;7;5;0;6;2;3;5;0;1;5;1;4;5;2;4;3;7;5;6;3;5;3;7;3;"1";"0"
278673;1995;0;16;4;2;1;9;3;4;3;3;0;7;9;3;6;1;1;5;1;1;6;1;6;5;5;7;2;4;6;7;2;3;"1";"0"
390861;1997;0;11;6;5;1;8;1;5;3;54;2;2;10;6;7;0;1;7;7;1;7;7;3;1;2;2;3;7;4;4;1;1;"0";"1"
282283;1995;0;12;2;1;2;7;8;3;5;2;0;6;7;3;9;2;5;1;4;4;4;4;5;7;6;8;3;6;2;6;4;3;"1";"1"
218610;1994;0;12;3;1;1;8;9;3;7;1;0;10;7;6;6;0;3;7;7;6;7;6;6;3;7;1;3;3;6;7;2;1;"0";"1"
36188;1988;0;11;7;2;3;9;5;3;8;3;1;9;2;3;9;1;1;1;2;1;2;2;3;1;4;8;4;6;4;5;5;4;"0";"0"
325604;1996;0;11;6;4;1;5;1;5;3;14;0;1;3;0;6;0;4;3;1;4;2;6;3;4;7;4;7;6;2;5;5;3;"1";"0"
308799;1995;0;13;6;1;1;2;9;6;8;2;0;6;7;3;2;0;1;6;2;7;5;6;5;5;5;6;6;5;1;4;3;2;"1";"1"
388751;1997;0;13;7;1;1;5;2;3;5;1;0;2;3;3;8;0;6;2;2;5;2;1;4;3;6;3;2;3;2;7;3;3;"0";"0"
323162;1996;0;13;4;2;1;3;5;5;6;5;0;9;4;0;4;0;7;7;7;3;4;1;6;6;4;1;4;3;3;7;4;3;"1";"0"
389241;1997;0;15;1;1;3;3;4;3;5;2;0;7;2;6;8;2;7;2;7;6;7;6;7;6;5;2;2;7;6;1;4;5;"0";"0"
393927;1997;0;13;5;3;3;6;3;4;6;8;0;7;5;6;6;2;7;7;3;6;3;4;2;4;2;7;5;2;7;6;6;2;"0";"0"
373516;1997;0;13;7;5;1;8;3;6;3;32;1;6;8;6;4;1;1;7;1;5;6;1;1;1;3;7;2;4;4;7;5;4;"0";"0"
212196;1994;0;13;2;2;2;8;3;4;3;4;0;7;4;3;4;0;3;1;1;7;3;2;1;7;4;7;4;6;4;4;5;2;"0";"0"
367413;1996;0;14;3;1;1;1;6;4;8;2;1;3;3;3;8;0;1;1;3;4;1;2;6;4;4;1;7;6;2;6;1;6;"1";"1"
100904;1967;0;12;8;3;1;3;3;5;8;6;0;5;8;3;1;0;2;7;7;1;4;2;7;2;2;4;6;1;5;1;5;7;"0";"0"
321791;1996;0;16;5;1;1;1;7;6;4;1;0;7;5;6;2;0;2;1;5;5;6;4;7;7;5;7;2;3;4;5;4;5;"1";"1"
363201;1996;0;15;3;1;3;4;2;5;9;2;0;6;7;3;3;2;2;7;1;2;6;7;3;1;2;2;6;4;6;5;4;2;"1";"0"
28872;1993;0;14;5;1;4;1;5;5;5;2;0;10;6;6;1;1;2;6;1;1;2;4;3;5;1;3;2;7;6;6;5;1;"0";"0"
209748;1994;0;14;5;2;1;3;9;4;6;3;0;5;10;0;1;0;6;5;4;5;2;1;3;6;4;7;6;2;3;6;2;4;"0";"1"
100019;1990;0;15;7;1;1;2;9;5;3;1;0;5;3;6;1;0;7;3;3;2;7;7;1;1;5;5;7;4;2;5;3;6;"0";"1"
387940;1997;0;15;2;1;1;9;9;3;4;2;0;2;3;6;6;0;4;5;6;1;5;1;3;7;4;8;4;1;7;4;2;3;"1";"1"
336191;1996;0;12;8;3;1;7;2;5;2;6;0;4;7;6;2;2;6;4;4;6;3;2;5;1;4;3;6;1;5;4;5;7;"1";"0"
341122;1996;0;11;8;2;3;8;3;4;2;4;0;3;5;0;5;2;1;5;3;6;4;1;4;7;7;1;4;3;6;5;5;6;"1";"0"
360428;1996;0;12;9;2;1;7;5;4;2;5;0;8;3;0;8;0;7;3;7;4;3;5;4;5;2;7;3;5;1;3;6;5;"1";"0"
340679;1996;0;16;1;2;3;3;9;6;2;3;0;3;7;3;5;2;7;1;1;6;6;2;3;4;5;7;2;7;6;3;4;5;"1";"1"
240476;1994;0;15;7;1;1;5;3;5;9;2;0;10;10;6;8;0;5;7;2;3;3;1;2;1;1;8;7;6;6;2;3;2;"0";"0"
390571;1997;0;14;3;3;1;8;2;4;2;7;0;9;7;3;7;3;7;1;6;1;1;7;6;7;5;8;2;4;4;7;5;1;"0";"0"
13377;1992;0;12;6;1;1;3;4;4;3;1;0;1;9;0;7;3;5;6;6;4;1;5;7;2;5;1;2;2;5;7;5;3;"0";"0"
7576;1900;0;13;8;1;2;4;2;4;9;2;0;4;2;3;3;0;2;7;2;7;1;5;5;7;7;7;7;6;2;2;2;3;"0";"0"
258158;1995;0;12;4;2;1;4;9;3;6;3;0;9;6;0;5;3;4;1;7;3;1;1;7;1;3;1;4;2;5;7;1;4;"1";"1"
319645;1996;0;16;1;1;1;5;8;5;7;1;0;10;3;6;9;2;5;3;1;6;1;5;6;3;6;5;2;4;7;3;4;3;"1";"1"
285468;1995;0;11;9;2;1;4;1;4;2;4;0;4;3;0;1;0;3;1;1;4;3;7;2;6;6;7;6;6;5;1;4;5;"1";"0"
320117;1996;0;15;4;1;1;1;7;5;6;2;0;8;2;3;8;2;4;4;5;6;1;1;6;3;2;1;3;2;7;5;5;3;"1";"1"
33836;1980;0;12;1;3;2;8;9;4;2;9;0;6;4;3;7;2;6;1;7;6;3;3;6;6;7;1;6;7;2;2;6;1;"0";"1"
280749;1995;0;13;6;2;1;2;8;5;7;3;1;8;3;6;3;0;2;5;6;3;3;6;5;4;1;4;7;4;2;4;3;6;"1";"1"
71538;1984;0;13;7;3;1;9;9;5;5;6;0;4;8;6;7;0;1;4;4;7;7;7;3;1;4;1;4;3;4;7;6;4;"0";"1"
318594;1996;0;14;6;3;4;2;5;4;9;5;3;7;6;6;1;3;7;7;7;6;2;1;5;7;5;8;4;2;5;7;1;1;"1";"1"
26680;1990;0;11;8;3;1;3;1;5;4;9;1;7;10;0;8;0;1;1;5;3;4;1;6;7;7;4;6;1;3;5;1;7;"0";"0"
32776;1983;0;12;4;1;1;1;8;4;5;2;1;9;8;3;3;2;7;1;3;7;1;2;5;3;4;4;3;4;4;7;4;5;"0";"1"
392104;1997;0;13;4;2;1;6;7;3;6;4;0;6;6;3;3;1;2;1;1;1;3;7;7;1;7;4;6;6;5;4;2;1;"1";"1"
49989;1984;0;11;4;1;2;7;7;5;9;2;1;2;8;6;3;0;7;1;2;4;1;7;6;7;6;5;3;2;3;2;4;5;"0";"1"
286423;1995;0;16;2;1;1;6;5;4;8;1;0;9;4;6;8;1;5;2;1;6;1;3;4;4;4;4;3;6;1;1;3;6;"1";"0"
280794;1995;0;12;8;4;1;5;2;3;5;10;3;5;7;6;4;2;5;7;7;7;6;5;6;1;4;2;6;2;7;4;2;7;"1";"1"
211376;1994;0;16;1;1;1;1;9;5;7;1;0;10;8;6;5;3;6;3;1;1;3;2;7;4;4;8;1;5;5;7;3;3;"0";"1"
379793;1997;0;11;4;1;1;4;4;5;7;1;0;3;8;3;4;2;4;1;1;6;6;3;2;2;5;8;5;5;4;5;5;1;"0";"0"
207661;1994;0;12;8;1;1;3;6;5;6;2;0;3;6;3;1;0;5;2;7;6;1;1;6;3;5;7;2;3;4;4;4;1;"0";"1"
375421;1997;0;12;8;1;3;4;7;5;4;2;0;4;5;6;1;2;1;6;6;3;4;1;7;6;6;6;1;3;5;4;7;5;"1";"1"
91687;1900;0;13;5;2;1;5;3;4;4;5;0;5;10;0;1;0;3;1;2;5;5;7;6;3;5;8;5;6;2;4;6;1;"0";"0"
21695;1976;0;16;1;1;4;1;6;4;5;1;0;8;8;3;3;3;1;6;2;2;4;5;7;7;7;6;4;4;5;7;3;1;"0";"1"
380063;1997;0;11;5;3;3;8;5;3;1;7;1;6;4;6;8;0;7;4;3;7;1;4;3;7;7;2;5;2;4;4;7;6;"0";"0"
208963;1994;0;15;2;1;1;9;2;5;9;2;0;2;8;3;5;0;5;6;1;1;5;4;1;3;5;7;2;7;2;5;1;2;"0";"0"
348827;1996;0;16;1;1;5;3;7;5;7;1;0;8;2;6;8;0;1;1;1;7;6;3;2;4;3;6;4;6;7;6;4;6;"1";"1"
374126;1997;0;14;6;1;1;1;9;6;7;1;0;3;6;6;1;0;4;4;4;4;6;7;2;4;2;3;1;6;6;2;6;4;"1";"1"
345593;1996;0;12;9;1;1;1;5;6;7;1;0;2;5;6;4;0;4;5;5;3;6;6;6;6;3;8;7;4;1;4;7;2;"1";"0"
96163;1972;0;15;6;1;1;1;9;5;4;2;0;10;9;3;8;1;3;7;6;5;6;2;2;3;2;7;6;3;2;6;2;4;"0";"1"
31501;1991;0;15;3;1;1;3;1;3;1;1;0;9;4;6;4;3;7;7;2;3;6;5;7;6;5;3;4;7;5;1;4;4;"0";"0"
358393;1996;0;15;4;1;1;6;6;4;4;2;0;5;8;3;1;1;4;5;2;1;7;7;1;1;2;5;3;7;6;2;2;3;"1";"1"
36634;1989;0;12;7;1;1;3;6;3;1;1;0;8;5;6;1;2;6;5;1;7;1;1;1;7;3;8;4;4;5;5;2;2;"0";"1"
390882;1997;0;11;8;3;1;6;1;6;6;6;0;3;3;0;8;0;6;1;4;6;7;5;2;4;5;3;1;7;5;6;5;3;"0";"0"
97722;1993;0;16;4;1;1;2;3;4;3;2;0;7;7;3;4;3;7;7;1;1;7;5;1;1;5;6;2;2;4;4;4;6;"0";"0"
56620;1993;0;13;6;2;3;5;6;6;8;4;0;3;2;3;6;0;3;5;3;7;4;2;6;4;6;2;5;3;2;2;6;4;"0";"1"
309616;1995;0;12;9;1;1;2;6;6;6;1;0;3;2;3;8;0;4;5;7;3;4;5;6;3;5;4;1;5;1;2;6;5;"1";"1"
308343;1995;0;15;5;1;4;2;6;5;6;1;0;9;2;3;7;2;3;5;2;2;6;1;1;3;1;6;6;5;4;5;1;3;"1";"1"
318006;1996;0;13;6;1;4;3;7;4;1;1;0;10;9;6;1;2;3;3;4;7;2;1;7;2;5;5;4;5;2;3;6;3;"1";"1"
292518;1995;0;12;9;1;1;1;4;4;8;1;0;10;9;6;3;0;5;3;7;4;4;1;6;6;3;3;6;5;6;2;2;4;"1";"0"
213150;1994;0;12;9;2;1;3;3;4;7;5;0;9;4;0;1;2;5;2;6;5;7;5;2;6;6;6;6;2;2;2;7;5;"0";"0"
240800;1994;0;15;6;3;1;9;4;3;8;6;0;6;3;6;7;2;7;7;7;7;6;4;7;7;7;1;5;4;6;4;6;5;"1";"0"
102763;1987;0;14;9;1;1;2;9;6;7;1;0;9;6;6;5;3;4;6;1;4;3;6;4;4;4;3;7;6;7;1;3;3;"0";"1"
355634;1996;0;15;2;2;1;7;6;4;6;3;0;4;6;3;8;2;1;6;1;1;7;4;1;1;3;1;6;3;7;5;4;4;"1";"1"
351365;1996;0;13;1;1;2;6;4;5;3;2;0;10;6;6;4;2;4;3;1;6;4;2;1;4;5;4;3;5;1;6;1;6;"1";"0"
52049;1985;0;16;5;1;2;2;4;5;2;2;0;7;2;6;4;3;7;7;5;1;1;2;7;7;3;7;5;3;4;2;2;6;"0";"0"
101020;1993;0;16;3;1;1;2;8;4;9;2;0;9;6;6;7;3;5;4;1;2;4;3;6;4;4;4;6;2;3;1;5;6;"0";"1"
8496;1993;0;16;1;1;1;1;9;4;3;1;0;10;7;6;6;1;7;1;2;2;4;4;7;2;3;7;1;4;5;7;2;2;"0";"1"
90084;1992;0;14;4;1;1;1;8;4;5;1;0;10;10;6;6;3;6;5;5;6;4;2;6;6;3;7;2;2;4;7;2;4;"0";"1"
389787;1997;0;14;6;1;4;1;8;7;8;1;1;2;4;6;4;0;7;7;1;1;7;7;2;1;1;2;2;7;4;6;6;3;"1";"1"
46022;1993;0;12;2;1;1;3;2;4;5;2;0;6;8;0;4;2;5;1;3;1;5;1;1;3;2;8;1;7;6;6;5;5;"0";"0"
377086;1997;0;11;3;4;1;9;2;3;3;11;0;3;8;6;8;2;2;1;6;2;3;7;1;7;5;6;3;5;4;2;6;2;"0";"0"
90494;1992;0;15;1;2;2;2;8;4;4;3;2;10;2;6;8;3;6;7;3;3;2;5;2;6;3;7;1;4;5;7;3;3;"0";"1"
286936;1995;0;12;6;2;3;3;9;4;4;3;0;6;9;0;1;0;4;7;7;1;6;6;1;3;7;1;1;3;5;6;2;4;"1";"1"
317233;1996;0;11;2;2;1;4;8;4;7;3;0;3;8;3;1;0;2;1;1;5;1;6;1;7;5;5;6;2;1;5;7;3;"1";"1"
25616;1974;0;12;7;1;3;2;6;5;7;2;0;6;10;0;1;1;3;1;7;4;2;5;7;7;1;4;4;3;3;1;1;6;"0";"1"
283341;1995;0;14;9;1;1;2;4;6;2;1;0;7;4;6;4;0;5;5;6;4;6;3;6;7;3;7;7;1;2;6;5;6;"1";"0"
65157;1992;0;15;6;2;1;7;7;4;1;5;0;10;3;6;9;1;6;1;7;5;4;1;5;4;5;2;3;7;4;6;4;2;"0";"1"
327817;1996;0;11;9;2;3;8;6;5;9;4;0;8;9;0;2;2;4;2;1;5;6;3;5;2;5;3;4;5;2;2;5;1;"1";"1"
350816;1996;0;12;1;2;1;6;1;6;8;5;0;2;5;6;6;3;3;2;1;6;4;6;3;4;3;2;4;6;2;5;4;3;"1";"0"
50357;1992;0;12;5;1;4;3;1;5;9;1;0;7;7;0;6;1;6;1;5;6;6;7;3;6;1;2;3;5;2;4;6;1;"0";"0"
46789;1984;0;16;1;1;1;1;9;5;7;2;1;8;8;6;4;1;6;1;1;2;2;5;3;5;2;5;2;7;6;1;3;5;"0";"1"
363462;1996;0;15;1;2;1;6;3;6;7;4;0;3;1;0;7;0;2;1;7;1;7;5;4;1;1;1;1;5;7;6;1;1;"1";"0"
203763;1994;0;11;4;5;1;7;3;4;3;25;1;6;2;6;4;0;1;6;5;1;4;7;1;1;2;2;1;6;1;2;6;2;"1";"0"
352789;1996;0;11;4;3;1;5;4;4;5;8;3;1;6;6;5;1;2;1;1;4;3;5;2;2;7;3;5;3;3;4;6;4;"1";"1"
369213;1997;0;13;5;1;1;1;7;6;8;2;0;5;8;6;3;2;7;5;7;7;7;5;5;7;7;7;6;2;2;5;4;5;"1";"1"
385048;1997;0;16;6;2;2;4;4;3;4;3;0;6;7;6;9;2;4;5;3;6;2;1;4;7;4;1;4;4;5;1;4;5;"0";"0"
237464;1994;0;13;5;1;1;7;9;4;2;2;0;8;5;6;5;0;2;2;2;3;1;5;7;3;7;6;6;3;3;2;4;4;"0";"1"
224616;1994;0;16;2;2;1;9;8;5;7;4;0;9;7;3;7;2;7;1;1;4;1;3;6;4;3;6;3;6;2;3;3;6;"0";"1"
303547;1995;0;11;8;2;2;5;1;7;1;4;0;3;10;0;5;0;7;1;1;1;7;3;1;1;7;3;2;7;4;6;6;4;"1";"0"
303752;1995;0;16;4;1;1;2;5;5;7;2;1;4;2;6;2;2;4;6;2;6;7;7;1;3;5;6;5;4;7;2;6;1;"1";"0"
58435;1994;0;15;2;1;1;1;5;6;8;1;0;9;9;6;6;1;5;7;1;3;4;7;6;2;6;2;2;1;7;5;1;1;"0";"0"
49958;1976;0;11;4;1;1;1;8;4;6;1;0;10;5;0;5;2;2;1;3;5;7;1;5;5;3;5;3;5;5;4;7;3;"0";"1"
97212;1972;0;12;6;2;3;9;8;5;4;3;0;9;6;6;6;0;1;7;2;6;6;2;7;1;5;1;6;2;4;6;2;6;"0";"1"
334895;1996;0;13;5;2;1;8;5;4;1;3;0;4;6;3;3;0;3;7;4;7;1;1;4;1;7;1;6;5;7;4;6;3;"1";"0"
300976;1995;0;11;9;1;1;9;8;4;7;2;1;6;7;6;5;1;2;3;6;2;2;2;5;7;4;7;4;3;3;4;5;7;"1";"1"
89844;1991;0;16;1;1;1;7;9;4;8;1;0;7;6;3;6;2;2;5;6;1;1;7;7;5;3;6;1;4;5;7;3;3;"0";"1"
311997;1996;0;14;4;1;1;3;9;6;2;2;0;4;6;3;7;0;4;1;2;4;3;1;5;3;2;6;1;6;6;1;3;5;"1";"1"
7280;1992;0;15;7;1;1;3;9;5;1;2;0;6;8;6;2;2;1;7;1;1;2;1;2;1;7;7;7;3;3;5;4;4;"0";"1"
296068;1995;0;16;3;2;1;9;8;6;8;3;1;8;9;6;4;3;6;5;6;3;5;2;4;7;4;7;5;3;3;4;5;6;"1";"1"
389702;1997;0;14;5;2;1;3;5;5;7;3;0;10;6;3;5;2;7;1;4;6;1;7;5;2;2;3;1;7;6;4;2;4;"0";"0"
392211;1997;0;11;4;2;1;5;9;4;4;5;1;9;9;0;3;1;5;1;6;6;2;4;7;2;4;8;2;6;2;5;3;4;"1";"1"
303012;1995;0;14;1;1;3;5;8;5;7;2;0;7;7;0;8;0;1;5;7;1;7;1;7;4;1;1;1;7;7;6;3;4;"1";"1"
285894;1995;0;11;2;2;3;6;4;5;7;5;0;1;3;0;9;0;2;1;4;3;4;7;1;4;5;1;2;7;2;6;5;2;"1";"0"
381358;1997;0;14;3;1;1;4;8;4;1;1;0;9;4;3;2;3;7;2;7;1;2;2;5;2;3;7;3;2;3;7;2;4;"1";"1"
372353;1997;0;12;5;1;1;6;8;5;8;1;0;2;5;3;6;0;6;1;6;2;3;4;7;4;3;5;2;5;6;4;6;2;"1";"1"
63570;1991;0;11;5;3;4;9;5;3;1;6;0;7;8;6;9;3;7;7;7;7;1;3;6;3;7;3;6;7;7;1;3;2;"0";"0"
391412;1997;0;15;6;1;2;2;8;6;2;1;0;4;6;6;2;0;7;2;6;5;3;1;5;5;3;6;6;3;3;3;5;5;"1";"1"
346378;1996;0;14;8;1;1;5;6;3;5;2;0;3;6;3;9;0;5;2;4;2;1;1;3;1;2;8;2;7;6;4;6;3;"1";"1"
298236;1995;0;12;6;2;1;9;4;5;7;4;0;10;6;0;8;0;2;2;1;4;2;6;7;3;4;7;1;2;6;3;6;4;"1";"0"
272891;1995;0;11;9;2;2;4;5;5;9;3;0;10;9;3;2;1;2;2;2;2;1;3;4;3;5;6;5;5;4;5;5;5;"1";"0"
227045;1994;0;11;9;2;3;3;6;5;8;4;0;6;2;3;4;0;7;1;4;6;1;4;5;3;3;7;4;6;5;4;5;3;"1";"1"
54589;1985;0;14;3;1;1;1;8;5;4;2;0;6;4;6;3;0;2;4;7;2;6;1;4;7;3;2;1;2;4;7;2;4;"0";"1"
249887;1994;0;15;6;2;3;2;6;3;6;2;2;10;8;0;7;1;7;2;5;6;6;2;4;2;3;8;3;5;2;7;2;4;"0";"1"
343357;1996;0;11;3;3;1;9;2;3;1;9;0;4;2;6;7;0;5;4;4;6;2;5;2;5;7;2;1;7;3;4;1;2;"1";"0"
26350;1989;0;11;9;1;1;4;8;4;5;1;0;6;3;0;6;0;1;2;1;1;7;6;1;4;6;8;4;6;4;4;5;3;"0";"1"
45023;1993;0;12;9;2;3;7;5;4;2;3;0;4;8;0;4;0;7;1;2;6;2;2;4;1;2;5;3;4;1;2;6;5;"0";"0"
238440;1994;0;14;2;3;1;9;6;3;2;7;1;2;8;3;9;0;6;6;7;5;1;4;1;4;2;2;4;7;2;7;3;2;"0";"1"
332793;1996;0;15;1;1;1;2;8;4;4;2;1;6;6;3;8;0;3;6;4;4;7;2;5;1;2;6;2;5;7;5;1;1;"1";"1"
335777;1996;0;12;9;1;4;3;5;5;6;1;0;9;6;3;2;0;2;7;7;2;7;7;7;1;7;5;4;4;4;2;7;2;"1";"0"
291214;1995;0;12;7;1;1;3;6;5;9;2;1;10;3;3;4;1;5;4;1;6;3;2;7;1;4;5;3;3;6;3;7;5;"1";"1"
338299;1996;0;12;4;1;1;4;8;4;6;1;0;5;10;0;1;1;1;1;3;7;1;1;5;6;7;8;6;3;2;6;1;3;"1";"1"
374236;1997;0;13;1;1;1;6;6;3;4;1;0;4;2;6;9;2;2;6;1;4;6;6;3;5;5;2;6;5;7;5;4;4;"0";"1"
369492;1997;0;11;3;2;1;1;3;6;6;4;0;5;3;6;3;0;2;5;4;7;5;2;6;4;7;5;4;6;2;5;4;4;"0";"0"
210182;1994;0;15;3;4;1;6;2;5;3;11;2;3;6;6;3;3;2;4;2;1;5;6;2;2;1;8;5;3;4;7;4;2;"0";"1"
242622;1994;0;15;7;1;1;5;5;5;7;2;0;5;1;3;8;0;5;4;4;4;1;3;3;1;3;6;7;6;5;3;2;3;"1";"0"
24355;1993;0;16;5;2;1;6;4;5;5;3;0;6;8;3;8;2;5;7;7;2;4;1;7;5;1;7;5;2;4;7;1;2;"0";"0"
280020;1995;0;11;8;1;2;2;8;5;8;1;0;8;10;0;2;3;6;5;3;6;4;4;4;7;3;4;1;3;5;7;5;3;"1";"1"
49171;1978;0;12;5;2;3;4;4;4;8;3;0;6;5;0;7;1;6;1;7;6;7;2;6;4;3;8;3;5;2;6;2;1;"0";"0"
388363;1997;0;11;2;3;1;9;1;4;8;7;0;4;8;6;8;3;1;1;7;1;1;1;7;7;7;4;5;7;3;5;3;2;"0";"0"
100851;1990;0;11;9;2;3;5;6;3;7;3;0;2;4;6;8;0;3;2;1;6;5;2;4;3;7;1;6;5;7;1;4;4;"0";"1"
268400;1995;0;15;7;1;1;4;7;4;8;1;0;5;9;3;6;2;6;5;6;2;2;7;3;1;1;8;7;4;6;1;2;2;"1";"1"
352485;1996;0;14;1;1;1;8;3;3;7;2;0;8;5;3;7;3;3;4;7;7;6;5;3;4;3;8;1;6;5;1;2;5;"1";"0"
41173;1993;0;14;4;1;4;7;9;4;3;1;0;5;5;6;3;0;1;7;6;7;1;2;4;5;3;5;6;5;3;5;2;2;"0";"1"
364078;1996;0;11;6;1;1;5;2;5;2;1;0;7;4;6;5;3;4;4;5;5;7;7;1;7;6;6;5;1;3;3;3;7;"1";"0"
261918;1995;0;12;5;3;4;8;7;5;6;6;2;2;3;0;3;0;6;1;5;6;7;1;7;2;1;1;5;2;6;4;4;4;"1";"1"
96772;1988;0;14;7;1;1;7;4;5;1;2;0;5;3;3;2;0;3;4;7;7;4;2;2;6;4;6;5;1;3;2;4;6;"0";"0"
227393;1994;0;14;4;2;1;9;9;4;9;3;0;10;2;6;4;1;3;5;2;4;5;4;2;3;4;4;2;1;7;7;1;3;"1";"1"
97960;1992;0;15;8;1;1;6;7;4;8;1;0;8;6;6;3;1;2;5;1;1;2;7;3;4;3;5;6;3;2;4;3;5;"0";"1"
389570;1997;0;12;8;2;3;4;4;4;8;3;1;4;9;0;1;0;7;2;5;7;3;5;3;1;7;7;3;4;4;3;5;6;"0";"0"
388520;1997;0;11;4;3;3;9;3;2;1;7;0;1;1;0;9;0;6;2;7;3;5;6;6;7;7;3;6;5;3;2;5;1;"0";"0"
326870;1996;0;12;6;1;3;8;3;3;2;2;0;4;8;0;7;2;1;5;6;6;1;1;7;3;7;2;5;6;5;2;4;4;"1";"0"
330929;1996;0;15;7;1;3;6;4;5;6;1;0;4;3;3;7;2;5;7;1;5;1;7;2;4;2;2;6;7;7;3;3;1;"1";"0"
22189;1989;0;16;1;1;1;1;5;4;5;1;0;6;7;3;8;1;5;1;6;2;5;1;4;5;5;2;2;4;5;7;2;2;"0";"0"
382575;1997;0;11;8;3;3;7;7;4;1;9;1;8;7;3;6;2;7;3;1;7;4;5;6;7;7;2;6;4;3;4;7;6;"1";"1"
360385;1996;0;16;1;1;3;9;9;6;1;2;1;5;3;6;9;0;7;2;1;1;7;7;1;1;1;7;1;3;7;2;4;4;"1";"1"
339743;1996;0;12;5;1;1;3;3;6;2;2;1;6;9;6;4;3;7;5;7;2;6;7;6;2;3;3;3;4;6;5;6;2;"1";"0"
366163;1996;0;15;2;3;1;9;4;3;1;6;0;7;4;6;9;0;6;7;2;6;7;7;3;3;6;2;5;7;2;6;1;3;"1";"0"
317534;1996;0;16;5;1;1;3;8;4;4;1;0;6;8;0;7;3;7;1;2;6;2;4;6;3;3;5;3;3;7;7;6;4;"1";"1"
332526;1996;0;13;7;1;1;4;3;5;4;1;0;10;2;3;9;0;4;1;3;7;4;4;2;1;3;1;5;7;2;7;2;3;"1";"0"
322857;1996;0;14;9;1;3;2;8;5;6;1;0;6;9;0;7;1;4;6;1;1;5;5;4;6;5;6;5;1;3;4;1;4;"1";"1"
388749;1997;0;15;6;1;1;5;5;4;8;1;0;5;6;6;8;0;6;6;5;3;7;3;5;1;3;6;6;7;3;5;2;3;"0";"0"
236476;1994;0;14;7;1;1;6;4;2;1;2;1;10;7;6;7;2;7;5;1;7;1;2;2;7;2;8;1;7;6;7;4;3;"0";"0"
269154;1995;0;12;2;1;1;6;7;5;6;1;0;9;4;6;4;1;1;4;7;7;7;2;5;3;5;8;5;3;7;2;6;1;"1";"1"
42956;1993;0;11;5;2;3;5;3;5;3;5;1;5;3;0;3;2;4;1;2;3;2;7;3;2;3;4;6;5;3;5;6;3;"0";"0"
322043;1996;0;13;8;1;1;2;6;5;9;2;0;6;7;3;8;1;7;4;1;1;7;7;1;6;6;5;2;3;1;2;6;5;"1";"1"
73425;1992;0;13;1;1;1;8;3;5;1;2;1;2;8;6;2;2;3;2;3;7;5;7;1;7;6;1;5;7;2;7;1;3;"0";"0"
294330;1995;0;13;2;3;4;7;6;5;5;8;1;3;7;3;7;2;1;2;7;3;1;1;7;6;1;4;6;3;7;5;6;2;"1";"1"
275749;1995;0;15;4;1;1;2;1;5;2;1;0;4;9;0;2;3;6;5;6;4;3;6;3;2;1;1;1;4;6;6;4;1;"1";"0"
319435;1996;0;15;5;1;1;2;9;3;3;1;0;10;7;6;7;1;7;6;2;2;6;1;6;2;7;6;4;4;3;4;4;5;"1";"1"
341659;1996;0;14;5;1;3;4;8;3;1;1;0;5;3;6;7;1;4;1;5;7;4;1;6;5;3;3;1;7;6;6;1;3;"1";"1"
341472;1996;0;14;8;1;3;8;8;5;2;2;1;2;2;0;9;0;6;1;6;2;5;2;6;3;2;2;7;6;6;1;2;1;"1";"1"
342108;1996;0;14;4;2;1;4;2;4;8;5;0;7;7;6;6;3;6;3;6;3;3;2;2;2;2;1;1;6;6;6;6;2;"1";"0"
298471;1995;0;16;2;1;1;3;8;5;9;1;0;8;4;3;6;2;7;1;5;1;3;1;7;7;3;6;2;7;6;1;4;6;"1";"1"
320367;1996;0;12;3;2;1;6;5;4;1;4;0;9;5;0;6;1;6;1;2;3;7;7;5;6;7;3;6;5;2;6;3;2;"1";"0"
310753;1995;0;14;7;1;1;1;4;5;2;1;0;9;6;6;3;2;3;1;6;7;4;5;7;3;3;6;6;5;3;7;1;3;"1";"0"
315018;1996;0;11;7;2;2;8;7;4;1;4;1;2;3;6;8;0;1;6;2;7;6;5;1;7;7;1;2;2;5;5;7;5;"1";"1"
369310;1997;0;15;1;3;1;4;4;4;6;6;0;6;7;6;2;3;5;3;1;3;4;3;4;3;1;2;2;2;7;7;4;2;"0";"0"
311954;1996;0;14;8;1;1;6;6;4;2;1;0;4;2;0;9;0;2;1;7;6;4;2;1;7;3;3;4;3;6;3;5;3;"1";"1"
340162;1996;0;12;6;1;3;3;6;4;6;2;0;3;2;6;7;3;1;5;7;7;3;4;6;2;5;1;3;2;5;6;3;5;"1";"1"
279544;1995;0;16;1;1;1;2;6;4;5;1;0;8;2;6;7;0;6;1;1;4;6;5;6;4;4;5;1;4;5;7;3;2;"1";"1"
352267;1996;0;11;4;4;1;9;4;3;1;13;3;1;1;6;1;0;1;1;1;7;5;1;2;3;5;2;2;3;5;3;7;6;"1";"1"
219191;1994;0;14;8;1;1;5;8;4;4;2;0;6;5;3;6;0;2;1;6;4;5;2;6;5;3;3;5;1;5;3;6;6;"0";"1"
344605;1996;0;13;3;1;1;1;2;3;4;1;0;9;4;0;2;1;7;7;1;6;2;5;2;1;1;4;5;2;7;5;3;1;"1";"0"
311768;1995;0;15;6;2;3;9;2;3;5;4;1;4;8;0;9;1;4;7;1;1;7;7;1;5;1;8;3;4;1;7;2;4;"1";"0"
337913;1996;0;16;4;1;1;2;6;4;4;2;1;10;7;6;3;3;7;1;5;5;1;3;7;1;4;7;1;3;4;6;4;6;"1";"1"
305518;1995;0;12;8;2;4;2;6;5;1;2;3;8;5;3;4;3;1;7;1;2;7;7;6;1;4;8;1;2;7;4;2;7;"1";"1"
348567;1996;0;13;6;2;1;2;6;5;5;3;0;8;10;3;2;0;4;6;7;6;6;3;5;7;7;2;5;2;1;2;4;7;"1";"1"
334060;1996;0;15;3;2;4;2;2;5;4;3;1;5;3;6;2;2;6;4;6;1;1;4;4;2;1;2;1;4;7;5;2;3;"1";"0"
247757;1994;0;11;8;4;1;3;3;4;5;13;1;3;10;0;2;0;2;1;4;3;4;4;5;4;7;4;6;1;3;5;1;7;"0";"0"
255910;1994;0;16;1;1;1;3;9;5;3;2;1;9;2;6;9;0;1;1;2;7;7;1;1;5;1;2;2;4;7;3;2;1;"1";"1"
376801;1997;0;16;2;1;1;2;7;6;5;2;0;10;2;6;9;2;1;5;7;2;7;5;2;3;5;5;2;4;7;2;4;2;"1";"1"
64223;1991;0;15;3;1;1;7;7;5;1;1;0;8;5;3;1;1;2;7;1;3;7;7;4;2;7;2;5;1;6;6;3;1;"0";"1"
370535;1997;0;16;1;1;1;4;7;4;4;1;0;10;5;3;4;1;7;7;1;4;5;6;6;5;4;6;2;4;5;7;3;2;"1";"1"
230516;1994;0;14;7;1;4;2;8;5;7;1;0;4;5;0;7;2;7;7;4;1;6;2;4;4;1;7;6;1;1;4;3;5;"0";"1"
308219;1995;0;12;3;2;1;6;3;2;5;5;1;10;3;6;8;3;4;5;1;7;1;1;1;3;5;4;5;4;4;5;4;3;"1";"0"
385694;1997;0;11;2;1;1;9;3;4;2;2;0;2;2;3;8;0;4;1;5;5;5;5;4;3;6;8;4;6;4;5;5;3;"0";"0"
378770;1997;0;14;7;2;2;9;8;4;1;3;0;3;5;0;8;0;7;7;4;5;7;7;1;5;4;4;7;6;5;3;4;3;"1";"1"
305513;1995;0;14;7;1;1;2;5;5;9;1;0;8;4;3;3;3;7;2;7;3;4;2;6;5;2;6;3;1;3;3;2;6;"1";"0"
307818;1995;0;14;3;1;1;1;7;4;5;1;0;8;5;0;1;0;3;5;3;1;2;7;1;3;5;5;1;2;4;7;1;2;"1";"1"
370449;1997;0;11;8;2;1;7;5;4;4;4;0;3;6;0;4;0;4;2;4;4;6;2;5;6;3;2;4;1;3;5;2;7;"0";"0"
386006;1997;0;12;9;1;3;7;6;5;3;2;0;8;10;6;2;0;6;1;3;6;1;1;7;2;6;2;2;2;5;4;4;7;"0";"1"
320837;1996;0;11;4;1;1;2;9;4;9;1;0;6;4;6;6;0;1;1;1;5;1;6;5;6;6;8;4;5;3;5;5;3;"1";"1"
387722;1997;0;15;6;1;2;6;2;5;3;2;0;4;7;6;2;0;3;1;3;5;4;7;4;4;2;8;7;6;3;6;1;1;"0";"0"
386069;1997;0;12;9;4;1;6;7;4;2;15;0;7;10;3;3;2;7;1;7;6;1;4;5;1;7;6;4;3;4;4;3;2;"1";"1"
335853;1996;0;11;4;2;1;2;9;4;2;2;2;4;4;0;2;0;3;4;4;1;4;6;5;4;6;5;5;6;4;4;5;1;"1";"1"
349798;1996;0;16;1;1;1;8;7;4;5;2;0;9;5;6;8;0;7;4;4;2;1;1;6;2;6;6;2;7;1;5;3;5;"1";"1"
298364;1995;0;16;2;1;1;4;6;5;7;2;0;5;6;6;6;0;2;4;2;2;7;6;5;1;4;2;2;7;1;7;1;5;"1";"1"
203277;1994;0;14;7;1;1;4;2;4;3;2;0;9;1;6;6;0;2;7;1;1;7;7;1;1;3;3;5;3;6;3;7;2;"1";"0"
4296;1992;0;12;5;2;1;8;2;3;5;3;0;5;3;6;7;0;1;5;5;3;4;1;3;5;5;6;1;6;2;3;3;3;"0";"0"
306597;1995;0;15;1;1;4;5;8;4;5;1;0;4;3;6;6;0;6;5;6;2;3;7;6;1;3;6;2;1;7;5;3;3;"1";"1"
365042;1996;0;13;5;2;1;9;9;4;4;3;0;6;6;6;5;0;1;5;1;1;7;1;2;1;2;1;6;5;6;5;5;6;"1";"1"
333617;1996;0;11;7;2;3;7;1;4;4;4;0;4;4;0;6;0;7;6;7;2;1;2;1;7;7;5;2;7;5;6;1;6;"1";"0"
381241;1997;0;13;5;2;1;8;5;5;9;5;1;1;4;0;2;0;1;1;1;1;6;7;1;7;7;3;4;2;5;6;7;4;"0";"0"
391840;1997;0;14;2;1;1;2;5;5;8;2;0;7;5;6;3;0;7;6;6;5;1;4;4;7;7;2;6;7;6;1;3;2;"0";"0"
262420;1995;0;14;3;2;1;6;9;4;7;3;1;9;7;6;6;2;5;2;4;5;4;2;5;3;2;8;1;7;5;6;1;5;"1";"1"
381125;1997;0;14;3;1;1;2;4;6;8;1;0;9;3;3;4;0;3;3;3;2;1;2;1;2;2;5;3;1;7;1;5;4;"0";"0"
238846;1994;0;15;4;1;3;4;5;5;3;1;1;3;8;0;7;0;3;6;7;2;2;3;6;1;3;6;5;7;6;5;3;3;"0";"0"
374427;1997;0;14;5;1;1;2;8;5;2;1;0;8;6;0;3;2;4;3;7;6;6;4;7;5;2;3;1;7;6;2;3;2;"1";"1"
313036;1996;0;16;2;1;1;3;9;3;2;1;0;4;5;6;9;0;6;6;1;7;4;6;4;4;6;7;2;4;7;3;5;1;"1";"1"
304762;1995;0;16;2;1;3;1;6;5;7;2;0;5;2;6;7;2;3;1;4;6;3;3;6;1;1;2;2;7;6;6;3;5;"1";"1"
62555;1992;0;16;1;1;1;5;6;5;9;2;0;10;5;6;6;1;5;7;1;6;7;1;7;2;4;6;1;2;7;6;4;4;"0";"1"
289495;1995;0;13;7;1;1;3;8;5;5;1;0;5;3;3;3;1;1;4;7;6;6;5;5;7;5;5;6;6;2;2;7;3;"1";"1"
34090;1988;0;15;2;1;1;1;9;5;8;1;0;10;10;3;3;2;5;5;4;1;1;4;2;2;1;7;4;6;6;2;2;6;"0";"1"
352275;1996;0;11;8;3;2;9;7;4;2;8;0;2;5;0;1;0;6;1;4;4;1;5;5;7;7;1;6;2;4;6;7;6;"1";"1"
323821;1996;0;14;8;1;3;6;7;4;9;1;0;10;4;6;2;0;4;5;4;3;2;6;5;4;2;4;5;1;5;6;6;6;"1";"1"
375030;1997;0;14;1;1;2;7;8;5;4;1;0;9;4;6;7;3;1;3;6;3;5;6;4;2;2;1;1;2;7;7;2;1;"1";"1"
13528;1992;0;12;8;1;1;6;9;4;4;2;0;5;8;3;5;2;5;5;4;6;4;5;7;5;5;8;1;2;5;5;3;5;"0";"1"
368658;1997;0;11;3;3;1;3;4;5;9;6;0;2;6;6;5;2;5;7;2;3;5;5;4;7;2;2;2;6;2;5;6;2;"0";"0"
360521;1996;0;13;1;2;4;9;3;4;2;4;0;4;1;6;5;0;7;5;7;5;2;5;1;1;3;3;6;7;7;6;6;5;"1";"0"
262938;1995;0;11;8;3;1;3;1;5;5;7;0;1;6;6;5;0;2;2;6;5;6;2;3;7;6;4;6;1;3;3;1;7;"1";"0"
204352;1994;0;12;3;1;2;6;8;5;6;2;1;6;4;6;5;2;3;1;4;7;2;2;6;1;3;1;3;3;5;1;2;5;"0";"1"
358138;1996;0;13;2;2;2;8;5;1;1;4;0;4;5;3;7;2;1;4;1;3;1;3;2;1;3;2;5;5;5;4;6;5;"1";"0"
331449;1996;0;15;9;1;1;1;8;5;8;2;0;9;8;6;3;0;1;6;1;2;4;5;3;1;3;6;7;4;3;6;1;1;"1";"1"
378207;1997;0;15;6;3;1;8;7;5;6;7;0;5;9;0;3;2;5;4;1;1;7;7;1;1;1;8;1;6;5;5;2;1;"1";"1"
357712;1996;0;16;1;1;1;1;2;4;3;2;0;8;2;6;7;3;5;6;5;3;6;7;1;2;1;7;5;7;1;7;1;5;"1";"0"
335293;1996;0;12;4;3;3;9;4;1;1;6;0;3;7;3;9;0;4;1;4;1;1;5;4;7;7;7;3;7;2;6;3;3;"1";"0"
352830;1996;0;15;1;1;3;3;5;4;4;2;0;6;4;6;6;2;6;4;7;3;7;4;6;5;3;6;4;5;7;5;1;1;"1";"0"
348801;1996;0;14;5;2;4;8;8;5;9;3;1;8;8;3;3;2;2;1;1;6;4;1;2;2;1;8;5;6;2;6;1;3;"1";"1"
258296;1995;0;12;5;1;2;7;4;4;6;2;1;2;4;6;9;0;4;5;6;7;1;7;7;6;5;6;4;5;6;6;3;6;"1";"0"
329486;1996;0;12;4;1;4;5;4;4;4;1;0;8;5;0;9;2;3;7;3;7;3;4;1;1;2;5;3;4;4;7;4;4;"1";"0"
364803;1996;0;11;3;2;1;9;4;4;7;5;0;4;3;6;4;1;6;4;1;4;5;7;2;1;4;3;4;7;4;2;3;3;"1";"0"
362064;1996;0;14;8;2;1;8;5;5;4;5;1;3;8;0;9;0;5;6;2;6;4;2;4;5;1;8;1;5;7;3;7;1;"1";"0"
339608;1996;0;14;1;1;1;3;4;4;7;2;0;10;5;3;6;3;6;7;6;4;6;7;2;6;7;1;2;1;7;7;1;3;"1";"0"
312343;1996;0;15;3;1;1;5;5;2;2;1;0;9;5;3;8;3;7;7;6;7;5;6;7;3;5;1;1;4;7;5;3;2;"1";"0"
299099;1995;0;15;6;3;1;8;7;2;6;7;0;8;4;0;7;1;3;2;3;4;7;6;4;4;4;8;1;5;4;6;1;2;"1";"1"
301508;1995;0;12;9;1;2;1;9;5;3;1;1;9;9;0;8;3;3;7;3;6;7;3;1;5;1;6;7;3;1;1;6;3;"1";"1"
333030;1996;0;16;1;1;1;5;7;5;4;1;0;10;3;3;8;1;2;7;2;3;6;5;6;5;1;5;3;3;4;7;4;4;"1";"1"
378405;1997;0;16;6;1;1;3;9;6;5;1;0;8;4;6;3;0;6;7;7;7;6;5;7;6;1;5;7;3;4;3;3;3;"1";"1"
256373;1995;0;11;4;3;3;9;3;3;1;8;1;3;2;0;9;0;7;1;1;5;7;1;1;6;7;3;3;7;4;6;1;1;"1";"0"
351588;1996;0;14;8;2;2;4;8;3;3;5;0;7;5;3;7;2;7;4;7;1;1;2;1;7;1;8;7;6;5;5;2;2;"1";"1"
329498;1996;0;14;7;1;3;7;4;5;5;1;0;4;6;3;4;2;1;4;3;1;4;4;6;2;2;8;4;7;6;4;6;6;"1";"0"
59704;1992;0;11;8;1;1;6;2;4;5;1;0;3;1;0;7;0;4;6;1;6;3;6;4;3;3;8;6;6;5;2;5;3;"0";"0"
353529;1996;0;11;7;4;1;7;2;2;3;10;1;8;5;6;7;0;6;6;7;3;7;7;4;6;7;3;5;6;2;2;6;2;"1";"0"
338179;1996;0;11;5;5;1;8;2;4;2;64;1;3;8;0;6;1;7;5;7;2;3;7;2;1;1;2;7;6;5;2;3;1;"1";"0"
266900;1995;0;16;1;1;1;7;9;4;9;2;0;3;3;6;8;3;4;7;1;3;6;3;5;3;3;5;1;4;7;3;5;3;"1";"1"
98992;1990;0;16;6;1;3;4;8;4;1;1;0;6;4;6;3;0;6;2;2;1;4;5;7;5;3;1;5;3;3;2;5;5;"0";"1"
381627;1997;0;11;4;3;1;9;4;3;6;7;1;2;5;0;8;0;5;3;2;2;4;4;4;6;6;8;7;5;4;5;4;3;"0";"0"
277233;1995;0;16;1;1;1;8;5;7;4;1;0;10;6;6;6;2;6;1;4;1;1;6;7;7;7;8;3;4;5;7;3;1;"1";"0"
375823;1997;0;16;4;2;1;9;9;3;8;3;0;5;7;3;8;0;4;7;6;7;6;1;6;5;7;6;2;4;7;5;6;3;"1";"1"
339125;1996;0;14;5;1;3;3;7;4;6;1;0;5;4;6;2;2;5;6;3;5;3;2;4;6;5;7;2;6;6;2;4;4;"1";"1"
284058;1995;0;15;2;1;1;3;7;6;8;1;0;9;4;0;4;0;3;7;1;2;7;7;1;1;3;6;3;7;6;5;2;5;"1";"1"
357909;1996;0;13;4;2;1;7;8;4;4;3;0;6;6;6;5;3;4;6;2;7;4;4;1;5;4;8;6;5;3;5;2;3;"1";"1"
300923;1995;0;15;6;1;1;4;5;5;9;2;0;8;5;0;7;0;4;4;5;4;1;3;7;2;4;2;2;3;5;6;2;5;"1";"0"
314901;1996;0;12;6;1;1;4;4;4;4;2;0;6;2;0;5;0;4;3;4;6;2;3;6;5;4;8;3;7;5;1;4;3;"1";"0"
357291;1996;0;12;6;1;1;1;8;4;5;1;0;8;9;3;4;2;5;1;3;3;1;1;4;3;4;5;2;3;6;3;5;1;"1";"1"
384446;1997;0;12;1;2;1;7;8;3;4;4;2;5;7;3;5;3;3;1;3;5;4;6;4;6;6;8;4;6;2;7;4;1;"1";"1"
323159;1996;0;16;1;1;1;4;5;4;4;2;0;7;4;6;7;1;5;7;1;3;5;5;7;3;5;8;4;4;7;7;2;1;"1";"0"
367984;1996;0;16;1;1;1;4;9;4;4;2;0;8;3;6;5;0;2;7;1;6;5;5;4;1;5;4;2;6;1;1;3;4;"1";"1"
340029;1996;0;11;7;4;1;9;4;3;1;13;0;2;9;3;7;0;2;1;6;1;4;7;4;7;7;2;4;5;5;4;7;2;"1";"0"
333705;1996;0;12;4;3;1;9;7;3;7;7;0;7;3;6;8;0;1;7;3;7;5;7;6;5;3;1;1;2;6;5;5;1;"1";"1"
355780;1996;0;15;5;1;1;2;7;4;7;2;0;5;2;3;5;1;4;6;1;7;6;5;4;6;5;2;7;6;4;5;1;2;"1";"1"
357290;1996;0;11;4;4;3;9;5;3;3;12;1;4;8;0;3;2;6;1;3;4;4;2;3;7;7;3;6;4;3;5;4;6;"1";"0"
349280;1996;0;11;8;4;3;7;2;2;5;13;0;9;9;6;3;0;1;6;3;2;7;7;3;7;6;4;2;2;4;4;7;6;"1";"0"
328428;1996;0;16;1;1;1;4;8;5;9;1;1;4;9;3;8;0;6;1;4;4;5;7;4;3;2;6;2;7;6;1;4;6;"1";"1"
341163;1996;0;12;8;2;1;4;2;6;4;4;0;5;2;6;8;0;7;7;6;7;6;7;6;3;7;1;5;7;6;1;6;2;"1";"0"
273332;1995;0;14;9;1;1;1;8;6;2;2;0;4;8;6;6;2;3;6;2;4;3;5;3;3;2;3;7;5;6;5;2;1;"1";"1"
378232;1997;0;16;1;1;1;4;8;4;5;2;0;8;6;6;4;0;1;5;6;1;4;2;1;3;3;5;2;7;6;1;4;6;"1";"1"
294515;1995;0;12;8;3;1;8;6;3;1;8;1;8;4;3;9;2;6;1;7;7;3;7;5;2;2;3;1;3;2;4;5;5;"1";"1"
310921;1995;0;11;9;2;1;5;7;3;3;3;1;4;6;6;2;3;5;3;1;1;7;2;6;1;2;5;5;6;2;3;3;4;"1";"1"
329963;1996;0;11;4;1;1;7;5;5;1;2;0;1;7;0;9;0;5;1;1;2;4;2;5;3;7;3;2;5;5;3;7;3;"1";"0"
317663;1996;0;15;6;1;1;2;4;4;4;1;0;6;2;3;3;2;5;1;7;4;1;2;1;1;4;2;5;4;6;4;4;4;"1";"0"
337056;1996;0;16;3;1;4;5;9;5;8;1;0;10;7;6;9;2;1;5;2;7;1;2;1;7;7;8;4;4;6;2;5;4;"1";"1"
342126;1996;0;13;1;1;1;2;3;5;6;2;0;10;4;3;3;1;1;7;1;3;6;7;1;1;4;2;7;5;1;5;2;1;"1";"0"
360973;1996;0;15;4;4;1;9;3;2;2;13;0;1;7;3;9;3;1;5;1;1;7;7;1;1;2;3;5;1;6;3;7;5;"1";"0"
303490;1995;0;15;2;1;1;1;5;5;6;1;0;6;1;3;4;2;2;5;3;3;3;6;2;1;3;7;6;7;2;6;2;6;"1";"0"
327876;1996;0;15;7;1;1;4;6;4;4;2;0;7;4;3;5;0;5;6;6;5;6;3;7;5;3;5;1;7;5;3;4;1;"1";"1"
366915;1996;0;16;5;1;1;2;8;4;7;2;1;8;4;3;6;3;6;1;6;3;1;4;3;6;4;8;4;4;4;7;3;3;"1";"1"
61273;1991;0;11;2;2;1;6;2;4;1;5;0;6;3;6;3;0;7;1;3;6;4;7;1;7;5;3;3;5;3;3;6;2;"0";"0"
307795;1995;0;13;8;2;1;4;5;3;8;4;0;8;9;0;2;2;7;6;1;6;3;6;5;1;6;8;7;2;2;6;4;5;"1";"0"
213515;1994;0;15;7;2;1;6;3;3;1;4;0;9;4;3;2;2;7;1;7;1;7;7;5;1;3;2;5;2;2;5;6;2;"0";"0"
341921;1996;0;13;4;3;3;7;5;4;2;9;0;7;9;0;3;1;1;7;1;4;7;5;1;2;6;2;4;5;7;7;6;5;"1";"0"
385729;1997;0;11;4;2;1;9;3;5;2;3;0;10;2;3;8;0;5;3;2;6;3;6;1;4;2;2;2;7;2;6;5;1;"0";"0"
322121;1996;0;12;9;1;1;4;7;6;2;1;1;2;6;6;5;0;3;6;4;7;3;6;1;7;5;7;5;5;1;4;7;1;"1";"1"
354896;1996;0;11;2;1;1;1;4;5;7;2;0;5;7;6;3;0;4;2;4;4;5;6;2;2;5;3;6;5;1;2;7;3;"1";"0"
288411;1995;0;13;1;1;1;5;7;3;9;1;0;10;9;0;1;1;1;1;1;3;4;3;1;4;3;1;7;5;1;6;2;4;"1";"1"
290300;1995;0;11;3;4;1;9;1;2;1;10;0;3;6;0;5;0;7;1;6;4;3;7;6;5;7;2;1;7;3;6;1;1;"1";"0"
333012;1996;0;13;3;3;1;4;2;6;3;6;0;4;8;0;2;0;4;5;3;3;6;4;1;4;4;1;5;4;6;3;6;3;"1";"0"
313378;1996;0;16;3;1;1;1;5;3;7;1;0;10;3;6;6;1;4;7;5;3;6;1;7;5;4;7;6;3;2;5;5;6;"1";"0"
317162;1996;0;16;5;2;3;7;6;4;2;2;2;10;7;6;7;2;5;3;7;3;4;2;1;5;1;1;5;1;3;6;2;6;"1";"1"
383194;1997;0;15;7;1;2;4;9;5;6;2;0;6;7;6;5;0;7;2;1;1;2;2;1;7;4;2;6;6;5;1;3;5;"1";"1"
331071;1996;0;12;9;2;3;3;9;4;8;3;2;8;8;6;2;1;4;5;6;5;2;2;5;5;1;3;6;4;6;1;1;5;"1";"1"
357789;1996;0;14;3;2;1;4;5;4;9;4;0;9;5;3;8;3;6;5;4;5;3;4;5;4;4;1;1;7;4;6;2;3;"1";"0"
363104;1996;0;15;3;1;3;5;8;6;8;1;0;7;7;6;4;0;1;6;1;1;2;3;2;3;4;5;2;2;7;7;1;1;"1";"1"
349742;1996;0;13;2;1;1;8;6;4;1;1;0;3;2;3;6;2;1;7;6;1;7;7;1;1;7;8;6;7;3;5;3;1;"1";"1"
357742;1996;0;13;2;2;1;9;2;3;9;5;0;8;1;3;9;0;7;1;1;7;1;1;5;7;7;8;5;6;2;6;2;3;"1";"0"
370743;1997;0;15;5;1;1;2;3;5;8;1;0;6;7;3;2;3;1;5;1;3;5;5;4;3;2;7;6;7;4;6;1;2;"0";"0"
365806;1996;0;16;1;1;1;8;5;3;4;2;0;5;7;6;8;2;7;5;3;2;6;6;5;4;4;8;1;2;7;6;3;3;"1";"0"
379971;1997;0;16;3;1;1;6;8;5;8;1;0;8;5;6;2;1;5;3;6;3;1;3;6;5;3;6;1;3;7;2;4;3;"1";"1"
393346;1997;0;14;3;1;4;1;4;5;4;1;1;10;2;6;9;0;2;1;7;6;3;5;4;7;4;1;2;6;1;7;2;6;"0";"0"
282512;1995;0;16;3;1;1;2;7;5;4;1;0;8;3;6;8;2;4;7;2;6;6;5;6;2;7;6;3;3;7;2;6;3;"1";"1"
300548;1995;0;15;3;1;4;1;8;5;6;2;0;9;6;3;2;0;1;5;1;6;1;2;7;7;7;5;5;4;5;7;2;2;"1";"1"
334021;1996;0;14;1;1;1;3;5;4;8;2;0;6;9;0;4;2;5;6;1;6;4;5;1;4;3;4;3;2;5;7;2;1;"1";"0"
309783;1995;0;12;8;5;1;8;1;4;3;47;5;3;7;0;3;3;7;1;7;7;2;7;5;1;7;3;6;3;4;4;1;7;"1";"1"
357960;1996;0;11;6;3;3;6;4;4;3;6;1;3;4;3;3;0;3;6;1;7;3;6;4;4;7;8;5;6;2;5;5;1;"1";"0"
350436;1996;0;16;6;1;1;2;1;4;8;2;0;9;5;3;8;0;5;4;3;5;6;6;7;3;5;5;1;2;5;6;2;5;"1";"0"
309368;1995;0;15;5;1;1;4;7;6;8;2;0;8;3;0;6;2;1;7;4;1;7;7;1;2;1;4;1;7;5;5;1;2;"1";"1"
75280;1992;0;15;6;1;1;2;7;3;4;2;0;5;2;6;1;0;4;6;7;3;1;1;7;5;6;5;5;3;2;6;2;3;"0";"1"
298192;1995;0;11;9;1;3;8;9;3;9;2;0;7;4;0;5;3;2;1;2;5;2;1;4;4;5;5;4;6;4;3;3;4;"1";"1"
334705;1996;0;13;7;1;3;6;9;4;2;1;1;7;7;6;5;0;6;5;6;7;7;6;7;3;3;1;4;3;1;5;5;3;"1";"1"
341927;1996;0;14;8;1;1;4;5;3;6;1;0;6;9;6;3;0;7;7;1;7;2;2;1;2;1;1;3;1;7;6;5;4;"1";"0"
246743;1994;0;15;5;2;1;4;4;5;5;3;0;8;3;6;8;1;5;1;2;1;1;6;2;2;1;1;3;2;6;6;6;5;"1";"0"
345062;1996;0;14;4;1;1;3;5;4;5;2;0;10;10;0;7;3;7;7;1;7;2;3;1;5;5;8;3;6;7;1;4;2;"1";"0"
291994;1995;0;15;1;1;4;1;7;6;3;1;0;9;2;6;8;1;1;7;4;7;3;5;2;6;7;7;2;7;6;1;3;6;"1";"1"
352615;1996;0;14;1;1;1;2;7;4;8;2;0;9;9;3;1;2;4;1;3;3;6;2;4;6;5;2;3;4;3;1;1;3;"1";"1"
360754;1996;0;15;6;1;1;6;5;5;9;1;0;8;6;3;5;0;3;6;5;2;6;6;6;3;5;4;5;3;3;6;2;5;"1";"0"
229715;1994;0;11;9;4;3;3;2;4;4;11;1;2;7;6;1;0;2;4;4;2;6;7;1;6;7;3;4;3;3;2;3;7;"0";"0"
279456;1995;0;16;1;3;1;9;3;4;1;6;0;6;4;6;7;3;7;1;1;7;1;5;1;4;4;8;1;3;7;1;4;2;"1";"0"
333072;1996;0;11;6;2;3;8;5;5;1;3;0;5;10;0;7;2;6;7;4;5;5;7;3;7;7;1;3;2;4;3;7;4;"1";"0"
328076;1996;0;16;3;3;4;4;8;4;6;6;0;7;2;0;6;1;7;1;6;4;4;1;6;7;4;2;3;2;4;7;6;1;"1";"1"
260792;1995;0;16;3;1;1;6;8;3;9;1;0;9;6;6;7;1;6;7;2;6;6;6;5;2;5;5;3;3;7;2;5;3;"1";"1"
393690;1997;0;14;9;2;3;4;9;5;6;4;1;9;5;3;2;0;6;7;7;7;1;2;7;6;7;8;5;1;5;5;2;2;"1";"1"
324514;1996;0;12;6;4;1;8;8;6;3;12;0;2;7;0;8;0;1;7;7;4;4;5;6;3;4;7;1;4;7;5;7;4;"1";"1"
53294;1993;0;11;7;3;1;9;1;4;5;6;1;2;8;6;2;0;7;4;2;6;1;3;5;5;7;2;3;6;3;5;1;4;"0";"0"
313622;1996;0;12;8;1;1;7;7;6;7;1;1;9;9;3;2;2;5;1;6;6;1;2;7;3;3;5;3;2;5;4;3;7;"1";"1"
56266;1993;0;16;3;1;1;3;7;3;8;1;0;7;4;3;8;1;5;7;1;2;7;4;6;1;3;1;1;7;6;6;2;2;"0";"1"
389709;1997;0;16;2;2;1;8;5;5;5;5;1;7;3;6;7;0;5;1;5;3;3;6;2;1;4;6;2;4;7;2;6;3;"0";"0"
368929;1997;0;16;3;1;1;3;8;5;7;2;1;5;9;6;1;3;7;1;2;4;1;2;7;7;4;2;2;7;6;1;6;4;"1";"1"
341198;1996;0;14;9;3;1;4;3;3;8;6;0;9;7;3;5;0;5;1;1;4;7;1;1;1;5;8;6;4;5;1;6;1;"1";"0"
335292;1996;0;15;3;1;3;5;8;3;7;1;1;4;9;0;6;2;7;7;1;6;1;7;5;1;1;5;7;7;3;6;1;4;"1";"1"
349752;1996;0;14;3;2;1;9;3;4;2;5;0;8;6;3;9;2;6;3;5;3;4;4;2;2;3;1;3;6;2;6;2;1;"1";"0"
232250;1994;0;16;3;2;1;9;2;3;1;4;0;3;1;0;9;0;7;1;4;7;1;4;7;6;7;1;1;3;7;7;7;1;"1";"0"
291812;1995;0;12;5;2;1;6;2;3;5;3;0;8;8;3;1;2;4;1;1;6;5;4;3;3;6;8;3;6;1;6;4;1;"1";"0"
330413;1996;0;11;4;2;1;6;2;5;1;4;0;3;7;0;7;0;3;2;1;1;3;4;3;3;4;4;4;2;4;4;7;4;"1";"0"
96841;1993;0;16;1;1;1;1;5;5;7;1;0;9;10;6;8;2;6;4;2;3;3;5;7;5;4;8;1;5;5;7;3;5;"0";"0"
294835;1995;0;13;8;2;1;5;4;5;8;3;0;3;7;0;4;0;2;3;1;7;1;4;3;6;7;2;3;5;1;4;6;5;"1";"0"
347500;1996;0;11;2;3;1;7;3;5;9;6;0;4;2;3;7;0;4;1;3;7;3;3;3;7;6;8;2;6;1;7;4;2;"1";"0"
326954;1996;0;12;8;2;1;6;2;5;1;5;0;2;5;6;5;0;7;6;7;7;4;7;6;5;5;8;5;2;2;4;7;2;"1";"0"
341816;1996;0;11;6;2;1;8;6;5;6;3;0;4;10;0;1;0;4;3;2;4;2;2;6;5;5;7;3;6;2;6;4;1;"1";"1"
44550;1993;0;11;6;2;1;2;2;5;5;3;0;5;10;6;3;2;7;2;4;3;6;3;6;3;4;5;1;6;1;2;7;4;"0";"0"
339145;1996;0;14;3;2;1;7;7;4;6;3;0;6;2;6;5;0;7;6;4;7;6;4;1;4;2;6;1;7;6;6;1;3;"1";"1"
342729;1996;0;12;9;5;1;8;1;4;2;60;2;5;7;0;7;1;7;1;7;5;1;5;6;5;7;8;4;2;4;3;4;4;"1";"1"
305483;1995;0;15;6;1;1;5;9;7;7;1;0;7;8;6;6;1;3;7;7;4;6;1;6;7;3;5;5;1;5;5;2;4;"1";"1"
286504;1995;0;16;2;1;1;1;1;5;9;1;0;8;2;3;8;0;7;6;3;5;5;2;4;2;2;1;3;7;2;6;2;5;"1";"0"
101772;1992;0;13;7;4;4;8;7;4;5;13;2;2;7;0;9;3;1;6;7;7;7;4;7;5;1;3;2;5;1;6;6;1;"0";"1"
380663;1997;0;16;4;1;1;5;8;6;9;1;0;9;6;6;7;2;1;1;6;1;4;6;1;3;1;5;3;3;7;2;6;3;"1";"1"
367885;1996;0;16;4;1;1;7;3;3;2;2;0;10;4;3;7;0;7;7;4;5;5;4;5;5;4;5;4;3;6;4;6;4;"1";"0"
358847;1996;0;11;9;4;1;9;9;3;1;10;2;5;7;6;8;2;6;1;2;3;1;1;2;3;3;7;4;4;5;2;7;2;"1";"1"
315386;1996;0;11;2;4;1;8;1;3;1;19;1;3;3;3;9;0;3;3;6;3;5;7;1;4;7;5;6;6;4;5;4;2;"1";"0"
207927;1994;0;16;1;1;1;3;7;6;7;2;0;8;7;3;6;0;6;3;2;6;7;7;1;6;2;4;3;6;1;4;3;6;"0";"1"
391841;1997;0;13;5;1;1;4;9;4;1;1;0;7;10;0;3;1;1;2;6;2;7;7;7;5;2;1;2;7;6;7;3;1;"1";"1"
271421;1995;0;12;7;1;1;1;8;5;3;1;0;7;9;3;5;0;2;7;5;3;3;3;7;3;6;5;6;1;5;4;1;7;"1";"1"
265452;1995;0;11;3;1;1;6;7;3;5;2;0;4;3;3;5;0;1;4;4;1;7;7;3;3;7;2;2;6;2;6;6;2;"1";"1"
40010;1989;0;16;4;3;3;8;4;3;1;7;1;6;8;3;1;0;7;1;5;1;1;3;6;6;4;8;3;4;4;7;3;5;"0";"0"
279872;1995;0;13;6;1;1;1;5;4;6;1;0;7;10;0;2;1;7;4;5;5;1;1;2;4;4;2;3;2;5;5;5;7;"1";"0"
310028;1995;0;12;8;2;1;9;8;3;2;4;0;1;4;0;7;0;5;1;5;7;1;1;5;5;5;7;5;5;3;6;1;4;"1";"1"
378598;1997;0;12;8;3;2;5;7;3;7;6;1;4;5;3;7;0;7;1;4;7;1;5;5;3;3;8;7;6;2;2;7;1;"1";"1"
353613;1996;0;13;1;4;1;9;2;4;1;12;1;3;6;3;3;0;2;6;1;3;3;6;2;1;7;1;6;6;1;7;6;2;"1";"0"
344894;1996;0;12;2;1;1;2;5;4;9;2;0;9;8;0;1;1;4;6;6;5;5;3;7;7;5;8;7;5;3;6;1;3;"1";"0"
366730;1996;0;16;6;3;1;5;1;5;3;8;0;1;6;3;6;0;5;1;7;1;1;5;4;2;7;4;6;3;6;7;6;2;"1";"0"
340516;1996;0;12;6;3;1;5;2;4;3;8;0;4;3;6;9;2;5;2;6;7;1;1;7;1;6;8;1;2;6;6;7;5;"1";"0"
367360;1996;0;11;2;3;1;8;5;4;9;7;0;2;8;0;9;0;1;1;3;1;6;5;1;1;7;8;2;6;1;6;4;3;"1";"0"
335847;1996;0;15;5;2;1;3;7;4;7;3;1;9;6;6;3;0;1;7;1;3;6;7;7;5;4;7;4;5;3;6;2;1;"1";"1"
341059;1996;0;12;4;1;3;1;9;4;8;1;0;10;7;6;6;2;2;1;5;1;2;7;7;7;7;8;3;2;5;7;3;3;"1";"1"
363186;1996;0;15;6;1;3;7;4;6;6;1;0;7;1;6;3;0;6;7;2;2;7;7;1;1;1;2;2;4;4;4;5;2;"1";"0"
267161;1995;0;12;9;2;1;2;6;4;1;3;0;9;8;0;6;2;7;2;6;6;2;3;5;1;7;4;3;2;5;3;3;7;"1";"1"
382636;1997;0;14;6;3;1;5;4;4;7;9;1;10;4;3;8;1;7;6;2;4;6;1;5;3;3;1;3;1;4;7;4;2;"0";"0"
278352;1995;0;12;5;1;1;2;9;6;9;2;0;5;8;6;1;0;1;5;2;1;4;2;3;7;6;4;6;2;3;5;2;4;"1";"1"
311436;1995;0;11;2;2;3;5;3;3;8;4;1;3;3;3;9;0;1;5;7;2;1;6;7;2;6;1;3;3;1;4;7;1;"1";"0"
380221;1997;0;15;7;2;3;8;8;3;5;4;1;5;6;6;8;2;3;7;3;4;5;4;3;1;2;8;6;7;5;3;4;2;"1";"1"
73415;1989;0;13;7;2;1;6;2;3;4;5;0;10;2;6;9;1;1;4;1;3;6;7;1;2;5;1;5;5;2;6;5;2;"0";"0"
312622;1996;0;12;8;1;1;3;6;3;7;1;0;5;6;0;7;1;5;3;7;7;6;5;7;5;7;5;2;4;3;3;7;2;"1";"1"
262471;1995;0;11;7;4;3;9;9;6;9;10;0;6;4;6;2;0;4;3;2;3;5;6;2;2;6;7;6;5;2;5;5;3;"1";"1"
384195;1997;0;14;8;4;1;8;5;5;3;12;0;8;2;6;3;0;7;4;5;2;6;4;4;5;5;2;1;7;6;7;4;1;"0";"0"
252609;1994;0;11;3;3;3;7;2;4;7;9;0;4;6;3;4;0;3;3;3;5;5;6;2;3;7;1;5;6;4;4;7;3;"0";"0"
337571;1996;0;11;2;5;1;9;4;3;3;20;2;1;4;6;6;0;7;2;6;4;5;6;4;1;7;2;3;7;4;4;1;1;"1";"1"
372502;1997;0;16;1;1;2;2;4;4;8;1;0;10;1;6;7;1;7;1;2;1;1;2;7;4;5;6;3;4;4;7;3;5;"0";"0"
347933;1996;0;16;6;1;1;9;5;4;2;2;1;8;7;6;2;3;1;1;1;5;6;5;7;6;6;8;7;2;5;1;4;3;"1";"0"
331537;1996;0;16;1;1;1;1;9;4;5;1;0;9;7;6;6;2;6;4;2;3;6;5;7;3;5;6;1;4;5;7;2;1;"1";"1"
324759;1996;0;12;8;4;1;8;3;4;3;16;0;1;3;6;9;0;4;1;6;6;6;4;7;2;7;1;5;3;2;5;4;2;"1";"0"
377441;1997;0;11;8;1;2;1;9;4;7;2;1;8;10;3;1;1;4;3;4;1;2;6;6;7;5;4;5;1;4;6;2;6;"1";"1"
340027;1996;0;11;6;1;1;2;4;6;7;1;0;5;4;6;1;3;4;1;7;7;6;4;4;7;6;6;1;3;4;6;4;2;"1";"0"
314084;1996;0;13;5;2;1;9;5;4;1;3;0;3;7;3;6;0;2;1;1;1;1;1;1;2;5;5;6;5;4;2;3;4;"1";"0"
324038;1996;0;11;6;2;1;8;5;6;9;3;0;3;8;3;7;0;5;5;6;5;7;6;2;6;6;4;1;7;4;6;6;4;"1";"0"
316259;1996;0;16;1;2;4;5;8;4;6;3;0;6;7;0;7;2;7;4;1;3;7;1;1;6;2;1;1;7;7;6;1;4;"1";"1"
313543;1996;0;12;7;3;1;4;3;5;5;6;4;8;9;0;8;1;2;5;1;5;5;7;6;1;3;7;6;1;5;4;6;7;"1";"1"
364552;1996;0;16;4;1;1;2;6;5;5;1;0;8;6;6;4;3;6;1;2;4;2;1;6;6;4;5;2;3;4;5;4;4;"1";"1"
348253;1996;0;12;6;3;1;7;8;4;8;7;0;5;6;6;4;0;7;1;6;3;6;1;3;1;7;6;4;4;5;5;5;3;"1";"1"
338335;1996;0;14;5;1;1;5;5;3;5;1;0;6;2;0;4;2;4;5;2;3;4;3;4;4;2;8;5;6;3;5;2;5;"1";"0"
341626;1996;0;11;9;4;1;5;1;5;3;12;3;6;4;3;9;0;5;6;2;6;6;6;1;4;2;2;3;5;1;3;7;1;"1";"1"
286183;1995;0;11;3;2;2;9;5;3;1;3;2;10;5;3;8;0;6;4;5;7;2;5;3;2;6;3;4;6;4;5;3;4;"1";"1"
374511;1997;0;13;7;2;1;6;1;4;7;5;0;4;3;6;4;2;2;5;5;5;2;3;3;5;5;3;5;6;7;5;6;6;"0";"0"
275802;1995;0;13;8;2;1;8;5;4;8;3;0;3;9;6;5;0;2;2;6;1;4;6;4;3;2;1;1;1;5;7;5;6;"1";"0"
251302;1994;0;12;4;1;3;5;6;5;4;1;0;2;9;3;2;2;4;7;6;3;2;1;6;7;3;1;3;4;3;4;7;1;"0";"1"
314740;1996;0;15;6;1;1;7;8;3;2;1;0;6;2;3;8;2;4;6;7;6;7;5;7;3;4;2;5;2;7;4;5;5;"1";"1"
24724;1993;0;12;9;1;3;2;8;4;2;1;0;7;6;0;3;0;1;7;1;5;2;1;7;5;5;7;6;2;5;3;7;5;"0";"1"
96893;1992;0;14;6;1;1;1;2;4;3;1;0;8;6;0;3;2;4;3;3;5;5;6;5;5;2;2;2;1;4;6;2;4;"0";"0"
256736;1995;0;13;8;1;3;2;6;6;7;2;0;5;10;3;1;2;2;4;2;6;6;6;4;4;3;1;5;1;5;3;7;6;"1";"1"
365057;1996;0;14;2;4;1;8;2;5;3;16;0;6;4;0;7;3;7;6;4;2;5;3;5;1;3;1;5;2;7;6;7;2;"1";"0"
278151;1995;0;16;1;1;1;2;3;4;6;2;0;6;6;3;3;3;1;3;6;2;7;3;7;6;4;1;2;7;6;3;2;4;"1";"0"
345822;1996;0;16;1;1;4;6;9;5;4;1;0;9;4;6;3;1;4;6;1;7;1;4;4;3;7;7;3;4;7;3;5;1;"1";"1"
320571;1996;0;12;7;1;1;2;9;5;3;1;0;7;9;0;1;3;5;4;7;6;1;5;6;6;7;7;5;4;4;4;3;3;"1";"1"
371956;1997;0;16;2;1;4;5;3;5;9;2;1;10;2;6;6;1;6;1;2;4;7;3;2;5;5;7;1;4;7;3;5;2;"0";"0"
350425;1996;0;11;8;1;1;1;5;4;8;1;0;10;3;6;3;1;2;5;1;5;4;7;6;2;7;3;3;5;3;2;7;3;"1";"0"
320081;1996;0;16;1;2;1;8;4;5;4;3;0;3;3;0;2;0;5;2;4;3;5;3;4;4;1;3;4;5;1;2;1;5;"1";"0"
378156;1997;0;13;5;2;1;8;6;3;1;4;0;10;9;3;6;1;7;1;1;1;6;7;4;7;5;2;5;1;5;5;7;3;"0";"1"
335849;1996;0;15;1;1;1;7;3;6;8;1;0;6;2;3;4;0;6;7;7;4;5;7;6;3;2;7;1;5;2;6;2;3;"1";"0"
287308;1995;0;12;4;2;4;4;8;4;8;3;0;8;5;3;6;0;6;4;1;7;4;2;2;5;1;8;7;6;4;5;2;2;"1";"1"
269815;1995;0;16;4;2;1;5;2;4;5;3;0;10;6;3;5;2;6;1;5;3;1;1;4;2;3;7;2;4;7;5;4;5;"1";"0"
338226;1996;0;14;3;1;4;1;4;4;5;1;0;10;2;6;9;0;3;1;6;7;3;5;5;5;2;1;2;6;1;7;2;6;"1";"0"
300880;1995;0;11;8;2;1;3;6;3;2;3;0;4;8;0;5;0;7;7;7;6;3;6;6;7;7;7;5;1;6;5;1;6;"1";"1"
355063;1996;0;16;3;1;1;2;9;6;7;1;0;8;4;6;5;0;3;6;7;7;1;4;7;7;6;7;2;2;4;2;4;5;"1";"1"
378587;1997;0;11;9;2;1;4;6;3;9;3;1;5;8;3;2;0;7;6;4;7;3;3;1;4;5;4;1;5;4;5;7;3;"0";"1"
329022;1996;0;15;1;1;1;1;4;5;8;1;0;8;5;6;5;3;5;7;5;1;3;7;5;3;1;6;2;7;1;7;1;5;"1";"0"
284158;1995;0;11;9;3;1;7;2;5;3;8;1;4;4;6;9;0;4;3;7;4;4;6;3;4;7;2;5;6;3;2;6;3;"1";"0"
343990;1996;0;16;1;1;4;3;9;5;3;1;0;5;9;6;5;0;1;6;3;4;4;1;2;2;5;1;5;3;6;7;2;1;"1";"1"
67423;1991;0;13;7;1;1;2;8;3;7;1;0;7;4;6;7;3;3;5;2;5;3;5;2;4;1;4;7;4;2;3;6;4;"0";"1"
267327;1995;0;15;3;2;1;9;7;4;9;3;0;10;5;6;6;2;6;5;6;7;6;7;3;4;4;2;4;5;7;5;3;5;"1";"1"
335838;1996;0;15;1;1;3;2;9;5;8;2;1;10;5;6;2;0;2;3;5;5;6;1;7;3;7;7;5;7;1;7;1;6;"1";"1"
225142;1994;0;15;6;2;4;9;8;2;1;3;0;3;9;6;3;2;7;7;1;7;6;6;7;6;3;1;7;7;3;7;1;2;"0";"1"
382603;1997;0;13;9;3;1;3;9;6;3;6;1;5;6;3;4;0;7;1;7;7;4;1;7;6;7;2;6;3;2;1;5;7;"1";"1"
383986;1997;0;15;2;1;2;5;6;2;2;2;1;7;9;6;7;2;5;6;2;2;7;7;6;7;4;6;5;7;5;2;4;4;"0";"1"
72474;1992;0;16;1;1;1;1;9;5;4;1;0;10;3;6;4;2;5;7;5;1;7;4;2;7;5;6;1;4;5;7;3;3;"0";"1"
328442;1996;0;13;4;3;1;4;1;4;8;8;0;3;3;0;1;2;7;3;3;7;2;2;1;5;5;2;5;1;2;6;6;6;"1";"0"
340026;1996;0;12;6;5;2;9;5;4;3;34;4;9;2;6;9;0;7;1;7;7;7;1;7;3;7;3;6;7;3;6;3;1;"1";"1"
393102;1997;0;15;1;1;3;6;9;5;6;1;0;1;8;0;8;2;6;5;4;1;6;2;2;2;1;7;3;6;6;4;2;6;"1";"1"
277554;1995;0;11;8;1;1;3;8;3;8;1;2;9;9;3;4;2;7;3;6;1;1;1;1;7;5;4;5;2;4;6;5;6;"1";"1"
340017;1996;0;13;1;3;1;9;2;5;2;8;0;1;1;6;8;2;3;1;5;1;1;7;2;1;1;8;2;7;1;7;2;3;"1";"0"
385472;1997;0;16;4;1;1;2;6;5;3;1;0;9;8;6;7;2;3;6;7;2;5;4;1;6;2;7;6;4;6;5;3;4;"0";"1"
288860;1995;0;14;7;2;1;7;7;5;3;3;0;8;7;0;2;3;5;3;1;1;4;7;5;3;1;4;1;7;6;5;4;2;"1";"1"
369488;1997;0;12;1;2;1;4;5;5;9;3;0;3;3;0;9;3;5;1;2;5;5;7;2;5;5;6;3;6;2;5;4;3;"0";"0"
218285;1994;0;13;5;1;1;6;8;5;5;2;0;7;3;0;4;0;6;2;7;1;3;5;5;7;3;2;2;7;6;2;2;4;"1";"1"
354324;1996;0;14;3;1;3;3;6;4;4;1;0;10;2;3;3;1;2;7;6;1;3;5;1;7;7;3;3;2;4;7;1;3;"1";"1"
254318;1994;0;14;4;1;4;6;5;3;2;2;0;7;8;0;6;3;5;6;1;1;1;5;1;4;4;8;3;2;6;4;4;4;"0";"0"
379465;1997;0;13;4;3;1;5;1;5;4;7;0;4;7;3;8;0;4;6;5;2;6;7;2;4;4;4;6;4;4;3;6;2;"0";"0"
301305;1995;0;16;1;1;3;2;9;4;4;2;0;10;6;3;8;2;6;4;6;1;1;1;7;7;5;5;2;5;5;7;3;3;"1";"1"
392061;1997;0;14;3;1;1;1;7;5;9;1;0;6;4;0;2;0;7;1;6;6;6;1;3;2;4;6;2;2;7;5;5;4;"1";"1"
389848;1997;0;12;9;4;1;7;1;4;2;10;0;6;10;0;4;2;3;7;6;4;5;4;7;2;5;7;6;3;4;3;1;7;"0";"0"
95384;1991;0;11;9;3;1;6;1;3;1;7;1;9;8;6;9;3;7;1;1;7;1;2;3;7;3;3;5;1;4;1;5;7;"0";"0"
378678;1997;0;11;9;5;3;9;5;5;6;30;1;6;3;6;3;0;7;4;1;2;5;7;2;1;7;2;7;6;4;1;2;3;"0";"0"
387893;1997;0;14;8;2;4;5;7;3;7;3;2;6;4;3;2;1;4;6;4;2;6;3;5;7;2;8;2;2;2;3;1;5;"1";"1"
355238;1996;0;16;1;1;2;1;8;5;3;2;1;10;5;6;8;3;4;7;3;2;2;7;6;7;3;5;1;4;5;7;2;5;"1";"1"
307261;1995;0;16;5;2;1;9;7;5;7;4;0;10;5;0;5;1;1;1;4;1;1;7;7;1;6;2;2;1;7;7;7;1;"1";"1"
338488;1996;0;11;8;1;1;1;8;5;4;1;0;7;9;0;2;2;4;4;3;4;7;6;4;7;6;4;1;2;5;5;5;6;"1";"1"
363699;1996;0;11;8;3;1;5;3;6;5;6;0;3;9;0;1;2;5;1;7;7;5;5;4;7;6;8;5;1;4;3;7;7;"1";"0"
221747;1994;0;16;1;1;3;5;9;4;7;2;0;9;3;6;5;3;2;1;7;4;5;1;1;4;1;6;2;7;6;1;3;4;"1";"1"
335357;1996;0;11;3;2;1;9;6;4;4;4;0;2;6;0;9;3;4;3;4;1;4;3;4;3;6;4;4;5;4;5;5;1;"1";"1"
321808;1996;0;16;5;1;3;2;8;5;9;1;0;9;3;0;3;2;7;5;7;7;4;5;3;5;6;2;4;7;7;6;3;1;"1";"1"
384713;1997;0;16;3;2;2;8;6;4;4;3;1;4;6;6;6;0;1;1;1;1;4;6;1;1;2;8;2;2;7;6;1;2;"0";"1"
356404;1996;0;16;1;1;1;1;9;4;5;1;0;10;5;6;2;1;4;4;1;1;5;7;7;6;6;7;2;4;5;7;2;1;"1";"1"
374407;1997;0;13;6;2;1;5;6;4;5;3;0;9;8;3;1;2;2;3;2;7;6;5;4;7;6;3;3;6;1;2;6;6;"0";"1"
288027;1995;0;16;8;2;2;6;4;4;2;3;0;6;7;6;6;0;7;4;5;2;6;7;2;3;4;1;6;4;2;4;4;5;"1";"0"
308342;1995;0;12;9;2;1;4;6;4;2;5;0;8;3;6;8;1;7;1;1;4;6;3;6;1;7;4;5;6;5;1;1;4;"1";"1"
351468;1996;0;11;8;2;1;6;2;3;6;3;0;3;6;3;9;0;1;7;7;1;7;5;7;1;2;3;4;2;3;3;1;7;"1";"0"
370656;1997;0;16;3;2;1;8;3;4;4;3;0;8;7;6;7;3;7;6;2;3;7;7;2;1;2;5;4;3;7;4;6;3;"0";"0"
314843;1996;0;15;4;1;1;2;5;5;9;1;0;9;5;3;5;0;3;1;5;6;4;7;4;1;3;7;2;4;6;4;1;5;"1";"0"
350746;1996;0;12;9;2;4;4;6;4;6;4;0;3;2;3;6;0;4;6;4;5;1;7;6;3;5;5;7;3;7;1;1;5;"1";"1"
385831;1997;0;14;1;1;1;1;5;4;5;1;0;10;6;6;8;3;6;7;1;6;6;5;5;6;5;5;3;5;4;7;4;3;"0";"0"
332679;1996;0;15;1;3;1;9;9;3;8;6;0;1;6;6;4;0;1;6;3;2;7;2;4;1;1;8;4;3;7;5;1;1;"1";"1"
316233;1996;0;15;7;1;1;3;3;4;9;1;0;6;5;6;5;0;3;7;2;1;7;7;1;1;2;6;7;7;5;4;3;1;"1";"0"
364580;1996;0;14;1;1;1;2;9;4;2;1;0;8;8;6;9;0;6;2;6;2;2;2;5;6;4;4;3;3;4;7;1;4;"1";"1"
326869;1996;0;12;5;1;3;5;5;4;4;2;0;6;8;3;3;1;7;3;5;7;4;6;7;7;7;7;3;7;3;1;2;3;"1";"0"
307798;1995;0;14;4;1;1;1;7;4;5;1;0;5;9;6;8;0;2;6;1;5;6;1;2;6;1;6;5;2;3;7;2;3;"1";"1"
366606;1996;0;15;5;2;1;9;5;2;1;3;0;9;10;6;9;2;1;6;1;7;4;1;1;7;7;1;6;5;3;6;5;3;"1";"0"
344713;1996;0;11;3;3;3;8;1;5;1;8;0;2;1;6;8;0;6;1;1;6;5;3;5;7;2;3;7;7;2;3;1;1;"1";"0"
312641;1996;0;11;8;2;2;4;2;5;8;4;0;4;5;0;6;0;5;6;2;4;4;6;2;6;3;7;3;6;5;4;6;1;"1";"0"
335982;1996;0;16;1;2;1;5;2;4;3;3;0;8;5;3;8;2;7;3;1;4;5;1;3;3;6;1;1;7;6;3;4;5;"1";"0"
378960;1997;0;11;9;2;1;1;5;6;9;4;0;5;5;6;2;0;3;1;1;3;3;3;2;7;6;5;3;5;2;3;3;5;"0";"0"
378579;1997;0;11;8;5;1;9;1;4;1;45;4;6;6;0;6;2;7;1;7;5;7;7;5;7;3;3;6;3;3;2;3;7;"0";"1"
346538;1996;0;15;5;5;1;5;4;4;3;21;2;7;8;0;3;0;1;1;2;1;7;4;3;1;1;1;4;5;2;7;3;4;"1";"1"
264802;1995;0;11;4;3;1;4;3;5;9;6;0;5;8;3;3;2;3;7;5;7;2;7;6;3;6;4;4;2;4;4;7;5;"1";"0"
320310;1996;0;13;5;2;2;3;6;5;5;2;4;3;8;0;3;2;7;7;3;4;1;7;1;7;3;6;1;7;6;5;1;5;"1";"1"
337229;1996;0;15;8;2;1;8;8;3;3;4;0;10;4;0;9;1;5;5;2;3;7;7;2;1;3;7;1;7;5;5;3;2;"1";"1"
374713;1997;0;12;2;2;1;8;5;3;7;4;0;4;4;6;7;0;5;5;6;6;5;7;5;7;4;8;2;7;2;1;4;1;"0";"0"
368386;1996;0;13;1;3;1;7;2;4;8;7;0;4;3;3;8;2;3;1;2;2;7;7;1;5;3;5;5;7;2;6;2;3;"1";"0"
375521;1997;0;11;7;2;1;9;9;4;3;5;0;7;8;3;2;3;6;2;6;2;3;7;3;7;4;4;5;1;4;5;4;6;"1";"1"
383537;1997;0;12;8;3;3;5;5;4;2;6;1;6;7;3;2;3;6;1;4;5;2;1;7;1;5;3;6;1;5;2;7;7;"0";"0"
347270;1996;0;13;8;1;1;4;5;4;1;1;0;10;10;0;5;1;2;6;5;2;2;1;6;1;7;5;7;4;2;5;2;6;"1";"0"
323164;1996;0;13;6;2;1;3;3;6;7;3;0;6;9;6;7;3;1;7;7;2;1;4;7;5;1;1;7;4;1;4;4;5;"1";"0"
339673;1996;0;15;7;3;1;6;5;4;3;6;0;8;9;0;4;3;7;4;6;6;3;4;3;5;7;1;7;2;1;4;2;6;"1";"0"
334101;1996;0;14;2;1;1;2;5;5;4;2;0;10;3;6;7;1;5;4;6;3;4;3;3;6;3;7;1;2;4;7;1;1;"1";"0"
392919;1997;0;12;9;1;1;4;3;4;7;1;0;5;5;6;8;0;3;7;4;5;7;4;6;6;2;7;7;4;1;4;7;3;"0";"0"
318792;1996;0;12;7;1;1;2;5;5;6;2;0;7;3;6;8;3;5;4;6;5;7;7;6;7;5;3;3;4;6;3;3;3;"1";"0"
376264;1997;0;14;2;2;3;9;3;1;2;5;0;2;8;6;9;0;4;5;4;6;1;1;4;4;5;1;2;2;7;7;3;1;"0";"0"
367678;1996;0;11;5;1;1;8;3;4;7;2;0;3;6;0;1;3;4;5;1;1;2;5;7;2;6;6;7;5;4;5;5;1;"1";"0"
317677;1996;0;11;3;3;1;9;3;4;1;6;0;8;7;0;5;0;6;3;1;6;1;7;1;7;6;2;2;7;2;6;5;2;"1";"0"
14585;1992;0;15;3;2;1;8;8;4;5;3;1;3;9;0;1;0;6;6;1;5;1;5;2;1;3;2;3;1;4;7;2;4;"0";"1"
387986;1997;0;13;6;2;1;7;4;6;4;3;0;2;10;3;4;0;2;4;3;3;6;7;5;4;6;5;5;3;2;5;6;3;"0";"0"
354326;1996;0;15;3;2;4;6;9;5;6;3;0;6;7;0;6;3;4;7;3;1;6;6;1;3;3;2;7;5;2;7;2;4;"1";"1"
323568;1996;0;12;8;2;1;8;3;4;7;3;2;9;7;3;2;1;7;3;7;6;5;6;7;2;5;2;1;5;4;4;5;5;"1";"1"
289399;1995;0;15;5;2;3;9;3;3;3;3;0;6;7;0;9;3;6;7;3;7;5;7;5;7;4;7;7;4;2;7;3;5;"1";"0"
300893;1995;0;11;4;4;3;9;3;3;1;10;0;3;5;3;6;0;1;7;5;7;5;2;6;7;6;3;4;3;3;6;6;4;"1";"0"
345938;1996;0;16;2;2;3;9;9;6;5;5;0;10;6;3;7;1;5;1;7;2;1;6;7;6;5;5;3;4;4;7;3;3;"1";"1"
314052;1996;0;13;2;1;1;1;6;5;5;1;0;5;6;6;1;3;4;5;2;6;4;3;7;7;5;4;6;4;2;4;1;6;"1";"1"
375691;1997;0;16;1;1;1;6;7;4;8;1;0;10;5;6;4;1;4;6;2;2;6;6;1;4;7;3;2;2;7;7;3;1;"1";"1"
355688;1996;0;11;2;4;1;6;1;4;2;9;2;4;3;6;5;2;2;1;4;1;6;4;2;2;7;3;5;6;1;1;6;3;"1";"1"
276686;1995;0;14;1;1;3;6;8;4;4;1;0;7;4;3;5;2;4;5;1;1;5;6;3;6;4;8;3;1;4;7;1;6;"1";"1"
361816;1996;0;12;2;1;4;1;7;4;7;2;0;10;4;6;8;2;1;4;1;1;3;4;7;7;6;1;4;3;6;7;2;1;"1";"1"
355432;1996;0;15;4;4;1;9;2;4;2;16;1;3;2;3;9;0;1;5;5;2;7;5;4;1;3;5;7;5;6;3;7;6;"1";"0"
306965;1995;0;12;8;2;1;7;3;6;8;3;0;2;6;6;6;2;7;2;7;7;4;6;7;2;5;5;1;5;1;4;6;4;"1";"0"
361102;1996;0;13;2;3;1;9;3;4;8;6;0;8;2;6;5;0;5;4;7;5;1;1;1;2;1;7;3;7;2;7;2;3;"1";"0"
370837;1997;0;12;7;1;1;5;2;5;4;1;0;7;8;3;5;0;5;7;7;4;5;3;7;3;2;8;7;3;5;4;4;3;"0";"0"
312524;1996;0;16;1;1;4;4;8;5;6;1;1;10;2;6;8;2;2;3;7;6;7;2;7;6;6;8;3;4;7;3;5;1;"1";"1"
384361;1997;0;13;3;3;1;8;3;5;3;8;1;4;5;0;6;1;6;5;6;7;3;1;2;3;6;7;1;4;2;3;5;3;"0";"0"
250760;1994;0;11;4;3;1;4;2;5;7;8;1;4;10;0;2;0;5;3;1;2;6;5;3;1;5;8;4;5;4;4;7;3;"0";"0"
380514;1997;0;15;5;2;1;9;7;2;2;4;1;2;6;0;8;2;3;4;3;1;7;4;2;3;2;7;5;1;4;7;2;5;"1";"1"
360960;1996;0;15;4;1;1;5;6;4;5;2;0;6;4;3;3;0;5;2;2;4;4;4;3;1;4;2;5;4;6;4;6;5;"1";"1"
313157;1996;0;16;4;1;3;8;8;5;1;1;0;6;9;6;5;0;5;1;1;1;1;6;4;3;5;2;1;7;6;3;3;3;"1";"1"
305783;1995;0;12;4;2;1;6;5;4;4;4;0;8;6;6;8;2;7;1;7;6;5;6;7;7;6;8;5;7;3;1;2;3;"1";"0"
344893;1996;0;11;2;2;1;7;6;3;2;5;0;1;3;6;5;0;7;2;6;6;3;4;5;4;7;3;3;7;2;5;3;3;"1";"1"
333556;1996;0;13;6;1;1;7;9;4;2;2;0;6;5;6;5;2;1;1;7;6;1;2;7;2;4;2;3;7;1;2;5;6;"1";"1"
343517;1996;0;16;1;1;1;1;6;3;6;1;0;9;10;6;7;2;6;3;1;4;6;6;7;6;5;6;2;4;4;7;4;3;"1";"1"
357790;1996;0;13;1;1;1;6;1;7;8;1;0;2;1;3;6;0;4;4;1;3;5;7;1;4;3;4;5;6;7;4;4;6;"1";"0"
371354;1997;0;16;6;1;3;4;7;5;5;2;0;9;3;0;9;0;1;5;1;5;7;2;2;2;4;4;6;2;5;7;4;3;"1";"1"
53232;1993;0;11;7;3;1;6;2;4;8;6;0;7;5;6;3;2;3;1;2;4;4;4;4;5;3;5;2;5;4;6;5;6;"0";"0"
269991;1995;0;11;9;3;1;4;1;5;4;7;0;1;7;0;4;0;4;3;4;3;5;5;2;5;4;7;4;1;2;5;7;3;"1";"0"
343115;1996;0;14;1;1;1;4;7;5;4;1;0;7;6;0;2;2;5;4;1;1;3;3;2;6;2;2;6;7;6;2;3;1;"1";"1"
329825;1996;0;13;3;1;1;2;5;6;7;1;0;4;10;0;1;3;4;6;5;1;3;7;4;2;1;6;3;7;6;5;1;4;"1";"0"
300515;1995;0;12;6;1;3;4;6;5;6;2;0;9;6;0;7;1;5;2;6;4;2;3;4;4;3;8;4;3;3;3;4;2;"1";"1"
354712;1996;0;15;3;1;3;3;5;5;3;1;0;3;1;3;2;0;1;5;5;1;2;5;6;5;2;4;1;7;6;3;1;4;"1";"0"
295296;1995;0;16;1;2;1;5;8;2;5;3;0;9;6;3;5;1;7;1;2;3;1;1;7;1;6;1;1;7;7;6;1;3;"1";"1"
377688;1997;0;16;1;1;1;2;7;4;1;1;0;10;3;6;3;1;7;7;3;6;7;2;6;3;4;1;4;5;6;7;3;1;"1";"1"
329081;1996;0;15;6;1;3;4;1;3;5;2;0;10;3;3;2;1;7;6;7;7;5;7;6;7;5;2;1;7;3;6;1;4;"1";"0"
367604;1996;0;11;9;4;2;7;2;5;2;12;1;3;7;6;3;0;3;4;5;3;1;1;4;2;2;2;1;3;1;1;7;1;"1";"0"
359027;1996;0;16;2;1;1;1;2;4;7;1;0;7;2;6;5;1;5;1;3;6;6;5;1;5;2;6;3;4;7;2;4;2;"1";"0"
242149;1994;0;15;3;1;3;2;6;6;4;1;0;9;8;0;5;0;4;7;1;2;5;3;5;3;1;7;1;7;6;2;1;5;"0";"1"
366562;1996;0;11;6;4;1;9;1;4;2;12;0;4;9;6;4;0;7;1;5;2;3;7;1;1;7;2;3;7;3;4;1;1;"1";"0"
346783;1996;0;15;8;1;1;8;9;4;4;1;0;8;8;0;7;0;6;2;7;6;4;4;7;5;6;6;3;5;4;5;2;1;"1";"1"
353557;1996;0;11;7;4;1;7;2;2;3;10;1;8;5;6;7;0;6;6;7;3;7;7;4;6;7;3;5;6;2;2;6;2;"1";"0"
342793;1996;0;15;4;1;3;4;5;5;3;1;1;3;8;0;7;0;3;6;7;2;2;3;6;1;3;6;5;7;6;5;3;3;"1";"0"
384475;1997;0;12;9;1;3;1;9;4;9;1;0;10;6;3;2;1;7;3;2;3;1;2;7;3;6;3;7;4;6;1;1;5;"1";"1"
368503;1996;0;11;6;4;1;9;8;4;2;10;0;6;7;3;7;0;4;1;3;3;5;5;1;5;5;4;4;6;6;2;7;2;"1";"1"
284643;1995;0;16;1;2;3;8;7;4;7;3;1;5;4;6;8;1;5;1;3;7;6;2;4;2;5;1;5;6;1;1;4;5;"1";"1"
354426;1996;0;15;7;2;2;7;4;4;1;4;1;6;9;0;4;2;5;1;1;6;4;1;1;1;2;1;5;1;5;5;4;7;"1";"0"
365765;1996;0;16;3;0;1;3;6;3;6;0;1;10;4;6;7;1;6;6;1;7;6;4;6;2;6;3;3;4;7;2;6;2;"1";"1"
